der;izq
146,567;74,4195
146,528;74,4264
146,484;74,4339
146,438;74,4419
146,389;74,4503
146,338;74,4591
146,286;74,4682
146,234;74,4775
146,182;74,4869
146,132;74,4964
146,085;74,5058
146,041;74,5152
146;74,5243
145,964;74,5331
145,933;74,5415
145,907;74,5494
145,885;74,5566
145,869;74,563
145,858;74,5685
145,851;74,5728
145,848;74,5759
145,849;74,5776
145,853;74,5779
145,86;74,5765
145,869;74,5734
145,88;74,5686
145,893;74,562
145,906;74,5535
145,919;74,5433
145,933;74,5312
145,947;74,5172
145,961;74,5015
145,974;74,4841
145,987;74,465
145,999;74,4444
146,01;74,4222
146,02;74,3987
146,028;74,3739
146,034;74,3478
146,039;74,3205
146,041;74,2921
146,041;74,2625
146,038;74,2317
146,033;74,1997
146,025;74,1663
146,016;74,1316
146,005;74,0953
145,994;74,0575
145,985;74,0182
145,977;73,9772
145,974;73,9347
145,977;73,891
145,986;73,8462
146,004;73,8007
146,032;73,755
146,069;73,7096
146,117;73,665
146,175;73,6221
146,244;73,5815
146,322;73,5439
146,409;73,5101
146,505;73,4807
146,607;73,4562
146,715;73,4371
146,828;73,4237
146,944;73,4163
147,062;73,4149
147,182;73,4194
147,301;73,4297
147,419;73,4455
147,534;73,4664
147,645;73,4919
147,752;73,5215
147,852;73,5544
147,946;73,5901
148,032;73,6278
148,11;73,6668
148,179;73,7064
148,239;73,7458
148,289;73,7843
148,329;73,8211
148,359;73,8556
148,379;73,8871
148,389;73,9151
148,39;73,9393
148,382;73,9594
148,366;73,9754
148,341;73,9871
148,309;73,9948
148,27;73,9988
148,225;73,9994
148,175;73,9969
148,119;73,9918
148,059;73,9846
147,995;73,9754
147,928;73,9647
147,859;73,9528
147,789;73,9398
147,718;73,9259
147,648;73,9113
147,579;73,8961
147,512;73,8805
147,448;73,8645
147,386;73,8482
147,329;73,8317
147,275;73,8151
147,226;73,7986
147,182;73,7822
147,142;73,7661
147,107;73,7506
147,077;73,7358
147,052;73,722
147,033;73,7094
147,018;73,6982
147,009;73,6886
147,004;73,6807
147,004;73,6744
147,008;73,6698
147,017;73,6667
147,029;73,6648
147,044;73,6638
147,062;73,6633
147,083;73,6628
147,106;73,6619
147,131;73,66
147,157;73,6567
147,184;73,6514
147,21;73,6439
147,236;73,6339
147,261;73,621
147,283;73,6051
147,302;73,5863
147,317;73,5644
147,329;73,5397
147,335;73,5121
147,336;73,482
147,333;73,4495
147,325;73,4151
147,313;73,379
147,298;73,3416
147,28;73,3034
147,26;73,2647
147,24;73,226
147,221;73,1876
147,202;73,1499
147,186;73,1131
147,172;73,0774
147,161;73,043
147,152;73,0098
147,146;72,9778
147,141;72,947
147,138;72,9171
147,135;72,8881
147,131;72,8597
147,126;72,8318
147,118;72,8044
147,108;72,7773
147,094;72,7504
147,076;72,7238
147,054;72,6974
147,028;72,671
146,999;72,6447
146,967;72,6183
146,933;72,5915
146,9;72,5642
146,868;72,5361
146,84;72,5072
146,816;72,4772
146,799;72,4461
146,79;72,414
146,79;72,3811
146,801;72,3476
146,824;72,3137
146,86;72,2799
146,909;72,2465
146,971;72,2137
147,048;72,182
147,138;72,1516
147,241;72,1227
147,357;72,0953
147,484;72,0696
147,62;72,0455
147,762;72,0229
147,91;72,0016
148,059;71,9815
148,208;71,9624
148,353;71,944
148,494;71,9263
148,628;71,9091
148,753;71,8923
148,869;71,8757
148,975;71,8596
149,071;71,8437
149,155;71,8283
149,23;71,8135
149,294;71,7995
149,349;71,7864
149,394;71,7747
149,431;71,7645
149,46;71,7561
149,482;71,7498
149,497;71,7459
149,505;71,7445
149,508;71,7458
149,504;71,7498
149,494;71,7566
149,478;71,7662
149,457;71,7786
149,43;71,7936
149,397;71,8112
149,358;71,8314
149,314;71,854
149,263;71,8791
149,206;71,9066
149,143;71,9364
149,074;71,9685
148,999;72,0028
148,919;72,0393
148,834;72,0778
148,744;72,1181
148,65;72,1601
148,552;72,2036
148,451;72,2485
148,347;72,2944
148,241;72,3414
148,133;72,3894
148,024;72,4382
147,913;72,4879
147,801;72,5384
147,688;72,5898
147,574;72,6421
147,458;72,6955
147,341;72,7499
147,223;72,8055
147,103;72,8623
146,982;72,9205
146,859;72,9801
146,735;73,0413
146,61;73,1042
146,485;73,169
146,359;73,2358
146,233;73,3047
146,107;73,3761
145,982;73,4499
145,858;73,5265
145,735;73,6058
145,614;73,688
145,494;73,773
145,376;73,8609
145,26;73,9516
145,144;74,0451
145,029;74,1412
144,914;74,2399
144,799;74,3411
144,681;74,4449
144,561;74,5511
144,438;74,6599
144,309;74,7711
144,175;74,8849
144,034;75,0012
143,886;75,12
143,729;75,2412
143,564;75,3648
143,39;75,4906
143,207;75,6187
143,016;75,7488
142,815;75,8809
142,607;76,0149
142,391;76,1508
142,168;76,2886
141,938;76,4283
141,704;76,5699
141,465;76,7135
141,222;76,8593
140,975;77,0073
140,726;77,1578
140,475;77,3109
140,223;77,4669
139,969;77,6259
139,714;77,7882
139,459;77,954
139,203;78,1236
138,946;78,2972
138,687;78,475
138,428;78,657
138,167;78,8434
137,904;79,0341
137,639;79,2291
137,371;79,4283
137,099;79,6316
136,824;79,8388
136,545;80,0496
136,262;80,264
135,975;80,4817
135,684;80,7026
135,388;80,9267
135,089;81,1539
134,786;81,3844
134,48;81,6183
134,172;81,8557
133,861;82,0969
133,548;82,342
133,235;82,5914
132,921;82,8451
132,606;83,1034
132,292;83,3666
131,979;83,6348
131,666;83,9083
131,354;84,1872
131,043;84,4718
130,732;84,762
130,422;85,0582
130,111;85,3602
129,799;85,6681
129,487;85,9818
129,173;86,3012
128,857;86,626
128,538;86,956
128,215;87,291
127,888;87,6306
127,556;87,9746
127,218;88,3227
126,872;88,6748
126,519;89,0307
126,157;89,3904
125,786;89,7538
125,407;90,1211
125,017;90,4923
124,618;90,8675
124,21;91,2471
123,793;91,6311
123,366;92,0199
122,932;92,4135
122,491;92,8121
122,043;93,2156
121,591;93,6241
121,133;94,0373
120,673;94,4551
120,211;94,8771
119,748;95,303
119,285;95,7326
118,824;96,1655
118,365;96,6015
117,909;97,0403
117,456;97,4819
117,007;97,9262
116,562;98,3732
116,119;98,823
115,68;99,2757
115,243;99,7315
114,808;100,191
114,373;100,653
113,937;101,12
113,5;101,59
113,06;102,065
112,616;102,545
112,165;103,029
111,708;103,518
111,241;104,012
110,764;104,511
110,275;105,017
109,774;105,527
109,261;106,044
108,734;106,566
108,194;107,094
107,643;107,628
107,081;108,167
106,509;108,711
105,93;109,261
105,345;109,816
104,756;110,375
104,166;110,938
103,577;111,505
102,99;112,074
102,406;112,646
101,827;113,218
101,253;113,792
100,686;114,365
100,125;114,938
99,5715;115,51
99,0245;116,08
98,484;116,649
97,9497;117,216
97,4209;117,782
96,8971;118,346
96,3776;118,908
95,862;119,47
95,3495;120,03
94,8397;120,591
94,3322;121,153
93,8266;121,715
93,3228;122,281
92,8206;122,849
92,32;123,421
91,821;123,997
91,3239;124,577
90,8289;125,161
90,3362;125,749
89,8461;126,34
89,3592;126,934
88,8756;127,529
88,3959;128,125
87,9204;128,721
87,4494;129,317
86,9834;129,912
86,5227;130,506
86,0675;131,098
85,6181;131,689
85,1748;132,279
84,7379;132,867
84,3074;133,454
83,8838;134,041
83,467;134,627
83,0574;135,213
82,6551;135,798
82,2601;136,384
81,8727;136,969
81,4928;137,555
81,1206;138,139
80,7559;138,723
80,399;139,304
80,0496;139,883
79,708;140,458
79,3741;141,029
79,048;141,594
78,7297;142,152
78,4194;142,702
78,1171;143,242
77,8229;143,77
77,5372;144,285
77,2599;144,786
76,9914;145,27
76,7318;145,735
76,4814;146,18
76,2405;146,603
76,0092;147,003
75,788;147,378
75,5772;147,728
75,3772;148,052
75,1885;148,351
75,0117;148,625
74,8473;148,875
74,6958;149,1
74,5581;149,302
74,4348;149,482
74,3266;149,64
74,2342;149,776
74,1581;149,892
74,099;149,987
74,0572;150,06
74,0329;150,113
74,0263;150,143
74,0373;150,152
74,0653;150,136
74,1097;150,097
74,1695;150,033
74,2433;149,944
74,3297;149,829
74,4268;149,688
74,5325;149,521
74,645;149,328
74,7622;149,108
74,8824;148,863
75,0042;148,593
75,1266;148,298
75,2493;147,98
75,3724;147,639
75,4968;147,276
75,6236;146,892
75,7542;146,488
75,8904;146,065
76,0337;145,623
76,1858;145,165
76,348;144,691
76,5216;144,201
76,7076;143,698
76,9067;143,181
77,1195;142,653
77,3464;142,114
77,5875;141,565
77,843;141,007
78,1124;140,442
78,3954;139,87
78,6915;139,294
78,9998;138,712
79,3197;138,128
79,6502;137,54
79,9906;136,95
80,3401;136,359
80,698;135,767
81,0638;135,174
81,437;134,581
81,8176;133,989
82,2053;133,398
82,6003;132,807
83,003;132,219
83,4138;131,631
83,8335;131,046
84,2627;130,462
84,7025;129,879
85,1537;129,297
85,6174;128,716
86,0944;128,135
86,5855;127,554
87,0912;126,97
87,6119;126,384
88,1474;125,795
88,6973;125,201
89,2607;124,602
89,8361;123,998
90,4217;123,387
91,0153;122,769
91,6142;122,145
92,2156;121,513
92,8167;120,873
93,4146;120,227
94,007;119,574
94,5918;118,915
95,1676;118,251
95,7333;117,582
96,2886;116,91
96,8337;116,236
97,3692;115,56
97,8963;114,884
98,4168;114,207
98,9327;113,53
99,4463;112,855
99,9601;112,18
100,477;111,506
100,999;110,834
101,529;110,163
102,069;109,494
102,621;108,826
103,185;108,16
103,763;107,495
104,354;106,832
104,959;106,17
105,577;105,51
106,207;104,85
106,849;104,192
107,502;103,534
108,165;102,877
108,837;102,22
109,516;101,564
110,202;100,909
110,893;100,255
111,589;99,6012
112,288;98,9492
112,99;98,2988
113,694;97,6505
114,399;97,0046
115,105;96,3616
115,811;95,7219
116,518;95,0858
117,223;94,4538
117,929;93,8263
118,634;93,2034
119,339;92,5854
120,044;91,9725
120,749;91,3648
121,454;90,7623
122,159;90,165
122,864;89,5728
123,57;88,9856
124,276;88,403
124,982;87,8248
125,687;87,2508
126,392;86,6806
127,096;86,1139
127,799;85,5502
128,5;84,9892
129,198;84,4307
129,893;83,8744
130,585;83,3203
131,272;82,7686
131,955;82,2194
132,632;81,6731
133,304;81,1305
133,969;80,592
134,627;80,0584
135,278;79,5304
135,921;79,0088
136,554;78,4945
137,178;77,9881
137,792;77,4908
138,394;77,0032
138,984;76,5266
139,561;76,0618
140,126;75,61
140,676;75,1723
141,212;74,7496
141,733;74,3429
142,238;73,9528
142,728;73,5799
143,203;73,2247
143,661;72,8873
144,104;72,568
144,531;72,2669
144,941;71,9842
145,337;71,7198
145,716;71,4739
146,079;71,2466
146,427;71,0379
146,757;70,8478
147,07;70,6762
147,363;70,5229
147,636;70,3875
147,886;70,2699
148,113;70,1697
148,313;70,0866
148,487;70,0203
148,63;69,9707
148,744;69,9376
148,825;69,9209
148,874;69,9208
148,889;69,9372
148,871;69,9705
148,818;70,0207
148,732;70,0882
148,612;70,1732
148,459;70,2761
148,274;70,3969
148,057;70,536
147,81;70,6933
147,533;70,869
147,229;71,0629
146,896;71,275
146,539;71,5052
146,156;71,753
145,751;72,0183
145,324;72,3006
144,876;72,5993
144,41;72,9141
143,925;73,2443
143,424;73,5893
142,907;73,9485
142,376;74,3211
141,831;74,7065
141,273;75,104
140,704;75,5131
140,124;75,9331
139,534;76,3635
138,934;76,8039
138,325;77,2538
137,707;77,713
137,082;78,1811
136,449;78,6579
135,81;79,1432
135,163;79,6367
134,51;80,1384
133,85;80,648
133,182;81,1655
132,508;81,6907
131,825;82,2236
131,134;82,7641
130,434;83,3122
129,726;83,8679
129,009;84,4312
128,283;85,0022
127,549;85,5809
126,807;86,1675
126,058;86,762
125,303;87,3644
124,542;87,9748
123,777;88,5932
123,009;89,2196
122,24;89,8538
121,47;90,4959
120,7;91,1456
119,931;91,8026
119,165;92,4667
118,401;93,1374
117,641;93,8143
116,885;94,4969
116,133;95,1846
115,385;95,8769
114,643;96,5733
113,905;97,2734
113,172;97,9768
112,444;98,6833
111,721;99,3925
111,001;100,104
110,283;100,819
109,567;101,535
108,85;102,254
108,131;102,975
107,41;103,699
106,684;104,424
105,953;105,151
105,217;105,88
104,476;106,61
103,73;107,342
102,979;108,074
102,227;108,806
101,473;109,537
100,721;110,269
99,9705;110,999
99,2246;111,728
98,4846;112,455
97,7518;113,18
97,0272;113,904
96,3119;114,626
95,6066;115,346
94,9116;116,065
94,2275;116,782
93,5543;117,499
92,8921;118,215
92,2407;118,931
91,6;119,648
90,9696;120,366
90,3495;121,086
89,7392;121,808
89,1387;122,534
88,5477;123,263
87,9663;123,996
87,3943;124,732
86,8318;125,472
86,279;126,214
85,7359;126,958
85,2028;127,702
84,6798;128,447
84,167;129,19
83,6647;129,931
83,1729;130,669
82,6917;131,402
82,2213;132,128
81,7615;132,848
81,3123;133,559
80,8739;134,26
80,446;134,95
80,0286;135,628
79,6217;136,292
79,2253;136,941
78,8395;137,574
78,4643;138,19
78,1;138,788
77,7468;139,367
77,4051;139,924
77,0753;140,46
76,7579;140,972
76,4536;141,46
76,1628;141,922
75,8862;142,356
75,6244;142,762
75,3782;143,139
75,1481;143,484
74,9346;143,798
74,7383;144,08
74,5596;144,329
74,3989;144,545
74,2564;144,727
74,1323;144,876
74,0267;144,992
73,9394;145,075
73,8705;145,126
73,8198;145,144
73,7873;145,131
73,7727;145,087
73,7761;145,013
73,7974;144,91
73,8366;144,778
73,8937;144,618
73,9688;144,431
74,0621;144,217
74,1736;143,978
74,3035;143,715
74,4519;143,428
74,6188;143,118
74,8044;142,787
75,0085;142,437
75,2311;142,067
75,472;141,68
75,7309;141,276
76,0076;140,856
76,3016;140,423
76,6124;139,975
76,9396;139,514
77,2826;139,04
77,6408;138,554
78,0135;138,055
78,4;137,544
78,7997;137,022
79,2119;136,487
79,6357;135,94
80,0705;135,382
80,5159;134,811
80,9712;134,228
81,4361;133,634
81,9106;133,028
82,3946;132,411
82,8883;131,783
83,3922;131,145
83,9066;130,498
84,4323;129,843
84,97;129,179
85,5204;128,508
86,0843;127,83
86,6625;127,146
87,2555;126,457
87,8637;125,761
88,4872;125,06
89,1259;124,353
89,7793;123,641
90,4463;122,923
91,1256;122,199
91,8155;121,469
92,5137;120,733
93,2176;119,992
93,9246;119,247
94,6316;118,497
95,3359;117,744
96,0347;116,989
96,7259;116,234
97,4078;115,477
98,0793;114,722
98,74;113,968
99,39;113,215
100,03;112,465
100,661;111,716
101,286;110,97
101,905;110,225
102,523;109,481
103,14;108,739
103,76;107,997
104,385;107,255
105,017;106,513
105,657;105,772
106,308;105,03
106,968;104,288
107,64;103,545
108,323;102,803
109,017;102,06
109,72;101,318
110,433;100,575
111,155;99,8339
111,884;99,0935
112,619;98,3545
113,36;97,6175
114,105;96,883
114,854;96,1515
115,606;95,4236
116,36;94,7
117,116;93,9813
117,874;93,2681
118,632;92,5609
119,391;91,8601
120,15;91,1661
120,909;90,479
121,668;89,799
122,427;89,126
123,184;88,4598
123,94;87,8001
124,695;87,1465
125,447;86,4984
126,197;85,8555
126,943;85,217
127,686;84,5827
128,424;83,9522
129,158;83,3255
129,886;82,7028
130,607;82,0844
131,322;81,4712
132,029;80,8639
132,727;80,2638
133,416;79,6721
134,095;79,0903
134,763;78,5198
135,418;77,9621
136,061;77,419
136,689;76,8917
137,303;76,3818
137,9;75,8905
138,482;75,4188
139,046;74,9672
139,593;74,5363
140,123;74,126
140,636;73,7363
141,131;73,3669
141,611;73,0173
142,075;72,6872
142,526;72,3762
142,963;72,0839
143,389;71,81
143,802;71,5544
144,205;71,3169
144,595;71,0974
144,972;70,896
145,334;70,7125
145,677;70,547
146;70,3994
146,298;70,27
146,568;70,1588
146,808;70,066
147,016;69,992
147,188;69,9369
147,322;69,9011
147,419;69,8847
147,475;69,8881
147,491;69,9114
147,467;69,9548
147,401;70,0186
147,295;70,1027
147,15;70,2072
146,965;70,3322
146,742;70,4775
146,484;70,6431
146,19;70,8287
145,863;71,0344
145,505;71,2597
145,117;71,5047
144,702;71,769
144,261;72,0524
143,798;72,3549
143,312;72,6763
142,807;73,0165
142,282;73,3752
141,741;73,7523
141,184;74,1477
140,612;74,5609
140,026;74,9917
139,428;75,4396
138,817;75,9043
138,196;76,3853
137,564;76,8819
136,923;77,3936
136,273;77,9197
135,614;78,4597
134,947;79,0127
134,273;79,5783
133,591;80,1557
132,901;80,7444
132,203;81,3436
131,497;81,9527
130,782;82,5712
130,058;83,1986
129,326;83,8342
128,585;84,4778
127,835;85,1291
127,078;85,7877
126,313;86,4536
125,542;87,1266
124,765;87,8067
123,985;88,4939
123,201;89,1881
122,416;89,8893
121,63;90,5976
120,845;91,3128
120,061;92,0348
119,278;92,7636
118,498;93,499
117,72;94,2408
116,944;94,989
116,169;95,7432
115,394;96,5034
114,619;97,2692
113,843;98,0404
113,065;98,8167
112,284;99,5979
111,499;100,383
110,709;101,173
109,914;101,967
109,113;102,764
108,305;103,564
107,492;104,367
106,673;105,172
105,85;105,979
105,025;106,788
104,198;107,597
103,372;108,407
102,549;109,217
101,732;110,026
100,921;110,834
100,119;111,639
99,3267;112,443
98,5452;113,244
97,775;114,043
97,0165;114,838
96,2699;115,631
95,5349;116,422
94,8114;117,21
94,0992;117,998
93,3979;118,785
92,7071;119,572
92,0265;120,361
91,3557;121,152
90,6945;121,946
90,0427;122,744
89,3999;123,547
88,7663;124,353
88,1417;125,162
87,5263;125,973
86,9203;126,784
86,3238;127,594
85,7372;128,4
85,1607;129,2
84,5947;129,993
84,0394;130,777
83,4952;131,55
82,9624;132,311
82,4414;133,059
81,9327;133,792
81,4367;134,511
80,9538;135,213
80,4844;135,9
80,0291;136,569
79,5884;137,222
79,1627;137,857
78,7525;138,474
78,3582;139,073
77,9802;139,652
77,6189;140,213
77,2745;140,754
76,9473;141,273
76,6374;141,772
76,3448;142,248
76,0696;142,701
75,8116;143,13
75,5708;143,534
75,3471;143,911
75,1404;144,261
74,9505;144,584
74,7774;144,877
74,621;145,14
74,4813;145,372
74,358;145,573
74,2513;145,742
74,161;145,878
74,0872;145,983
74,0298;146,054
73,9889;146,092
73,9647;146,097
73,9575;146,07
73,9675;146,01
73,9953;145,917
74,0411;145,793
74,1054;145,637
74,1884;145,45
74,2905;145,233
74,4117;144,985
74,5521;144,708
74,7118;144,402
74,8906;144,068
75,0885;143,708
75,3052;143,321
75,5405;142,91
75,7941;142,475
76,0658;142,016
76,355;141,536
76,6615;141,033
76,985;140,51
77,325;139,967
77,6812;139,403
78,0533;138,82
78,4408;138,218
78,8434;137,598
79,2606;136,96
79,692;136,305
80,1373;135,634
80,5959;134,948
81,0675;134,248
81,5517;133,535
82,0484;132,811
82,5574;132,077
83,0788;131,335
83,6126;130,586
84,159;129,832
84,7185;129,073
85,2913;128,312
85,8779;127,548
86,4787;126,782
87,094;126,015
87,7241;125,246
88,3691;124,477
89,0289;123,705
89,703;122,932
90,3908;122,157
91,0911;121,379
91,8026;120,599
92,5234;119,816
93,2514;119,031
93,9839;118,244
94,7183;117,455
95,4517;116,665
96,1815;115,874
96,9052;115,082
97,6209;114,291
98,3271;113,501
99,0232;112,713
99,7091;111,926
100,385;111,14
101,053;110,357
101,713;109,577
102,368;108,799
103,02;108,023
103,671;107,251
104,323;106,481
104,977;105,714
105,636;104,95
106,3;104,189
106,971;103,431
107,649;102,676
108,334;101,925
109,027;101,176
109,727;100,432
110,435;99,6907
111,15;98,9537
111,871;98,2211
112,597;97,493
113,329;96,7698
114,065;96,0518
114,803;95,3392
115,544;94,6323
116,286;93,9314
117,029;93,2368
117,772;92,5487
118,515;91,8672
119,256;91,1925
119,996;90,5247
120,735;89,8637
121,472;89,2096
122,208;88,5621
122,943;87,9211
123,677;87,2863
124,41;86,6573
125,143;86,0339
125,875;85,4156
126,606;84,8022
127,337;84,1934
128,067;83,589
128,796;82,9893
129,521;82,3943
130,243;81,8047
130,96;81,2211
131,67;80,6445
132,371;80,0759
133,061;79,5165
133,738;78,9678
134,4;78,4311
135,046;77,9077
135,672;77,3988
136,28;76,9056
136,866;76,4286
137,432;75,9684
137,976;75,5251
138,501;75,0989
139,005;74,6897
139,49;74,2974
139,958;73,9217
140,41;73,5628
140,848;73,2206
141,272;72,8951
141,686;72,5865
142,091;72,2948
142,489;72,0203
142,879;71,7629
143,262;71,5225
143,638;71,2992
144,004;71,0928
144,359;70,9032
144,699;70,7302
145,021;70,5738
145,322;70,434
145,597;70,3109
145,844;70,2044
146,06;70,1149
146,242;70,0424
146,387;69,9871
146,495;69,9493
146,565;69,9292
146,594;69,9271
146,585;69,9432
146,536;69,978
146,449;70,0315
146,324;70,1041
146,163;70,196
145,967;70,3072
145,738;70,4381
145,478;70,5885
145,189;70,7585
144,871;70,9481
144,529;71,157
144,162;71,385
143,772;71,6319
143,362;71,8972
142,933;72,1806
142,486;72,4815
142,021;72,7995
141,541;73,134
141,044;73,4846
140,532;73,8509
140,005;74,2321
139,462;74,628
138,906;75,0379
138,334;75,4615
137,749;75,8984
137,15;76,3483
136,537;76,8109
135,912;77,286
135,274;77,7735
134,624;78,2731
133,962;78,7849
133,29;79,3085
132,606;79,8439
131,912;80,3909
131,208;80,9491
130,495;81,5184
129,772;82,0983
129,042;82,6885
128,304;83,2886
127,56;83,8983
126,81;84,5173
126,056;85,1452
125,297;85,7817
124,536;86,4266
123,772;87,0798
123,006;87,7409
122,239;88,4098
121,471;89,0865
120,703;89,7707
119,935;90,4623
119,166;91,1611
118,398;91,8668
117,63;92,5792
116,862;93,2979
116,094;94,0227
115,326;94,7531
114,559;95,4889
113,793;96,2296
113,029;96,9751
112,266;97,7251
111,504;98,4792
110,744;99,2372
109,986;99,9989
109,228;100,764
108,469;101,532
107,711;102,302
106,951;103,075
106,188;103,85
105,424;104,627
104,657;105,404
103,888;106,183
103,117;106,962
102,346;107,741
101,576;108,52
100,809;109,298
100,046;110,075
99,2884;110,851
98,5384;111,625
97,7971;112,397
97,0655;113,167
96,3444;113,934
95,6344;114,699
94,9357;115,462
94,2483;116,221
93,5722;116,977
92,907;117,729
92,2522;118,479
91,6074;119,225
90,972;119,968
90,3455;120,707
89,7274;121,443
89,1173;122,176
88,5149;122,905
87,92;123,631
87,3327;124,354
86,753;125,074
86,1812;125,79
85,6175;126,503
85,0623;127,212
84,5162;127,916
83,9796;128,616
83,4529;129,312
82,9367;130,002
82,4315;130,687
81,9375;131,366
81,4551;132,038
80,9846;132,703
80,5261;133,36
80,0797;134,008
79,6457;134,646
79,2241;135,274
78,8151;135,89
78,419;136,493
78,0362;137,082
77,6672;137,655
77,3125;138,212
76,9729;138,751
76,6492;139,27
76,3425;139,769
76,0536;140,245
75,7837;140,698
75,5338;141,126
75,3047;141,528
75,0972;141,902
74,9118;142,249
74,7487;142,566
74,608;142,853
74,4892;143,11
74,3915;143,335
74,3141;143,529
74,2555;143,691
74,2142;143,82
74,1888;143,917
74,1775;143,981
74,1789;144,013
74,1917;144,012
74,2151;143,979
74,2486;143,913
74,2923;143,816
74,3469;143,687
74,4133;143,527
74,4928;143,337
74,587;143,117
74,6972;142,868
74,8251;142,59
74,9717;142,286
75,1381;141,954
75,325;141,597
75,5331;141,214
75,7624;140,808
76,013;140,378
76,2848;139,926
76,5771;139,452
76,8896;138,957
77,2215;138,442
77,572;137,908
77,9402;137,356
78,3255;136,787
78,727;136,201
79,1439;135,6
79,5757;134,983
80,0217;134,352
80,4817;133,708
80,9553;133,051
81,4423;132,383
81,9429;131,703
82,4571;131,013
82,9851;130,314
83,5272;129,607
84,0836;128,892
84,6546;128,172
85,2405;127,447
85,8413;126,718
86,4572;125,986
87,088;125,251
87,7333;124,515
88,3927;123,776
89,0652;123,036
89,7498;122,295
90,4449;121,552
91,1487;120,806
91,8594;120,058
92,5745;119,308
93,2919;118,554
94,0092;117,797
94,7244;117,037
95,4358;116,273
96,142;115,506
96,8421;114,737
97,536;113,966
98,2236;113,193
98,9056;112,419
99,5828;111,645
100,257;110,87
100,928;110,096
101,6;109,323
102,273;108,552
102,949;107,781
103,629;107,012
104,316;106,244
105,009;105,478
105,711;104,714
106,42;103,951
107,139;103,19
107,866;102,431
108,602;101,675
109,346;100,921
110,099;100,169
110,859;99,4206
111,626;98,6755
112,4;97,934
113,179;97,1965
113,963;96,4634
114,751;95,7349
115,543;95,0114
116,337;94,2932
117,133;93,5806
117,93;92,8738
118,728;92,1732
119,526;91,4788
120,324;90,7908
121,121;90,1093
121,916;89,4342
122,709;88,7654
123,5;88,1027
124,288;87,4461
125,073;86,7953
125,855;86,1501
126,632;85,5103
127,405;84,8757
128,173;84,2462
128,935;83,622
129,69;83,003
130,438;82,3895
131,178;81,7819
131,909;81,1807
132,629;80,5865
133,338;80,0001
134,034;79,4224
134,717;78,8545
135,384;78,2974
136,035;77,7525
136,669;77,2209
137,287;76,7038
137,888;76,2024
138,473;75,7176
139,042;75,2501
139,597;74,8002
140,137;74,3681
140,664;73,954
141,178;73,5578
141,679;73,1795
142,168;72,8191
142,643;72,477
143,105;72,1533
143,552;71,8484
143,984;71,5627
144,399;71,2963
144,795;71,0496
145,17;70,8224
145,523;70,6149
145,852;70,4268
146,155;70,2578
146,43;70,1078
146,676;69,9764
146,891;69,8633
147,076;69,7682
147,228;69,6908
147,349;69,6311
147,437;69,5887
147,492;69,5637
147,514;69,556
147,504;69,5656
147,462;69,5926
147,388;69,637
147,284;69,699
147,149;69,7788
146,986;69,8764
146,794;69,9921
146,575;70,1261
146,33;70,2784
146,059;70,4491
145,764;70,6383
145,446;70,8458
145,106;71,0716
144,744;71,3155
144,361;71,5773
143,958;71,8568
143,535;72,1538
143,092;72,4679
142,63;72,799
142,149;73,1468
141,648;73,5107
141,128;73,8906
140,59;74,2859
140,033;74,6961
139,459;75,1208
138,869;75,5594
138,262;76,0113
137,642;76,4758
137,008;76,9524
136,361;77,4406
135,704;77,9396
135,036;78,4491
134,359;78,9686
133,674;79,4978
132,98;80,0363
132,278;80,584
131,57;81,1407
130,855;81,7064
130,135;82,281
129,409;82,8645
128,678;83,457
127,944;84,0584
127,206;84,6686
126,465;85,2877
125,721;85,9154
124,976;86,5517
124,229;87,1965
123,48;87,8494
122,731;88,5103
121,981;89,1789
121,229;89,8549
120,477;90,5379
119,724;91,2274
118,969;91,923
118,213;92,6244
117,455;93,3311
116,696;94,0427
115,936;94,7589
115,174;95,4795
114,411;96,2043
113,648;96,933
112,884;97,6654
112,12;98,4014
111,356;99,1405
110,592;99,8825
109,827;100,627
109,061;101,374
108,293;102,122
107,523;102,872
106,751;103,623
105,976;104,374
105,198;105,126
104,417;105,879
103,636;106,632
102,853;107,386
102,07;108,14
101,289;108,895
100,511;109,652
99,7365;110,41
98,9673;111,17
98,2042;111,932
97,4482;112,696
96,7;113,463
95,9603;114,232
95,2297;115,003
94,5085;115,776
93,7973;116,551
93,0963;117,327
92,4057;118,104
91,7258;118,881
91,0566;119,658
90,3983;120,435
89,7511;121,21
89,115;121,984
88,4902;122,756
87,8768;123,524
87,275;124,289
86,6849;125,05
86,1067;125,806
85,5404;126,556
84,9862;127,3
84,4442;128,037
83,9145;128,766
83,397;129,486
82,8916;130,196
82,3981;130,896
81,9164;131,584
81,4461;132,259
80,9869;132,921
80,5387;133,568
80,1012;134,2
79,6743;134,814
79,258;135,412
78,8523;135,991
78,4576;136,551
78,0742;137,093
77,7027;137,614
77,3439;138,115
76,9986;138,597
76,6677;139,057
76,3522;139,498
76,0531;139,917
75,7715;140,316
75,5082;140,694
75,2643;141,051
75,0403;141,386
74,8369;141,7
74,6543;141,993
74,4928;142,263
74,3521;142,511
74,232;142,736
74,132;142,938
74,0512;143,116
73,9888;143,271
73,9436;143,4
73,9147;143,503
73,9009;143,581
73,9013;143,631
73,9153;143,654
73,9427;143,649
73,9835;143,614
74,0381;143,551
74,1072;143,458
74,1915;143,335
74,2918;143,182
74,4091;143
74,5441;142,788
74,6974;142,547
74,8697;142,277
75,0614;141,979
75,2727;141,653
75,5037;141,3
75,7543;140,921
76,0243;140,517
76,313;140,088
76,6201;139,635
76,9449;139,159
77,2864;138,66
77,644;138,141
78,0168;137,602
78,4039;137,043
78,8045;136,466
79,218;135,872
79,6437;135,261
80,0809;134,635
80,5294;133,994
80,9887;133,339
81,4589;132,671
81,9398;131,992
82,4319;131,303
82,9354;130,604
83,4509;129,897
83,9791;129,183
84,5207;128,463
85,0765;127,737
85,6473;127,007
86,2337;126,272
86,8363;125,533
87,4555;124,79
88,0913;124,043
88,7436;123,292
89,4116;122,537
90,0945;121,777
90,7908;121,012
91,4986;120,243
92,2157;119,469
92,9396;118,691
93,6677;117,909
94,3971;117,124
95,1252;116,337
95,8497;115,548
96,5688;114,759
97,2811;113,971
97,986;113,183
98,6835;112,398
99,374;111,616
100,059;110,837
100,739;110,061
101,417;109,289
102,095;108,521
102,774;107,757
103,457;106,997
104,145;106,24
104,84;105,487
105,542;104,736
106,253;103,989
106,973;103,244
107,701;102,501
108,439;101,759
109,185;101,019
109,939;100,28
110,701;99,5421
111,469;98,8049
112,244;98,0687
113,024;97,3334
113,808;96,5992
114,597;95,8664
115,388;95,1353
116,181;94,4063
116,976;93,6798
117,771;92,9562
118,567;92,2359
119,364;91,5194
120,159;90,807
120,954;90,099
121,748;89,3958
122,54;88,6974
123,33;88,004
124,119;87,3155
124,905;86,632
125,688;85,9532
126,468;85,279
127,244;84,6093
128,017;83,9441
128,786;83,2833
129,55;82,6272
130,308;81,9763
131,061;81,3313
131,807;80,693
132,547;80,0629
133,278;79,4421
134,001;78,8325
134,714;78,2357
135,417;77,6536
136,109;77,0882
136,79;76,5412
137,459;76,0144
138,115;75,5091
138,759;75,0264
139,39;74,567
140,008;74,1314
140,613;73,7196
141,205;73,3314
141,785;72,9664
142,352;72,6243
142,908;72,3046
143,451;72,0067
143,982;71,7303
144,5;71,4749
145,004;71,2399
145,491;71,025
145,96;70,8297
146,407;70,6536
146,829;70,4964
147,223;70,3577
147,584;70,2376
147,911;70,136
148,2;70,0529
148,449;69,9885
148,656;69,9432
148,819;69,9172
148,939;69,9108
149,014;69,9245
149,044;69,9584
149,029;70,0128
148,97;70,0879
148,867;70,1838
148,722;70,3006
148,536;70,438
148,31;70,5961
148,045;70,7745
147,743;70,973
147,405;71,1913
147,034;71,4289
146,629;71,6853
146,194;71,9602
145,729;72,253
145,236;72,5633
144,717;72,8906
144,172;73,2345
143,605;73,5947
143,015;73,971
142,404;74,3629
141,773;74,7705
141,125;75,1934
140,46;75,6316
139,779;76,0849
139,084;76,5533
138,376;77,0367
137,657;77,535
136,928;78,0481
136,19;78,5759
135,443;79,1182
134,689;79,6747
133,926;80,2451
133,157;80,8289
132,379;81,4258
131,595;82,0353
130,802;82,6566
130,001;83,2894
129,193;83,933
128,377;84,5869
127,554;85,2505
126,724;85,9234
125,888;86,6051
125,047;87,2953
124,203;87,9936
123,355;88,7
122,507;89,4141
121,658;90,1359
120,811;90,8654
119,966;91,6023
119,124;92,3465
118,287;93,0981
117,454;93,8566
116,626;94,6221
115,804;95,3942
114,987;96,1728
114,176;96,9576
113,37;97,7483
112,568;98,5448
111,769;99,3467
110,973;100,154
110,179;100,966
109,384;101,782
108,587;102,602
107,789;103,426
106,988;104,253
106,183;105,082
105,376;105,914
104,566;106,747
103,755;107,582
102,945;108,417
102,136;109,253
101,33;110,088
100,529;110,923
99,7341;111,758
98,9469;112,591
98,1684;113,424
97,3994;114,255
96,6405;115,084
95,8923;115,913
95,1549;116,74
94,4286;117,565
93,7132;118,389
93,0085;119,213
92,3144;120,035
91,6304;120,856
90,9563;121,677
90,2918;122,497
89,6367;123,317
88,9906;124,135
88,3537;124,951
87,7257;125,765
87,1067;126,576
86,4969;127,383
85,8962;128,185
85,305;128,981
84,7234;129,771
84,1516;130,554
83,5901;131,329
83,039;132,096
82,4988;132,855
81,9699;133,605
81,4528;134,345
80,948;135,076
80,4559;135,796
79,9774;136,505
79,513;137,203
79,0635;137,889
78,6296;138,561
78,2122;139,22
77,8122;139,863
77,4305;140,49
77,0679;141,099
76,7254;141,69
76,4039;142,26
76,1041;142,808
75,8268;143,333
75,5725;143,833
75,3417;144,307
75,1347;144,752
74,9514;145,168
74,7916;145,553
74,6551;145,906
74,5409;146,225
74,4484;146,508
74,3765;146,755
74,3238;146,965
74,2892;147,136
74,2712;147,267
74,2685;147,359
74,28;147,41
74,3048;147,421
74,3423;147,39
74,3925;147,319
74,4556;147,206
74,5321;147,053
74,623;146,859
74,7292;146,626
74,8519;146,353
74,9921;146,042
75,1508;145,694
75,3291;145,308
75,5275;144,888
75,7467;144,433
75,9871;143,946
76,2488;143,427
76,5319;142,879
76,8362;142,303
77,1613;141,701
77,5067;141,074
77,872;140,425
78,2563;139,754
78,6591;139,065
79,0796;138,357
79,5172;137,633
79,9712;136,895
80,4412;136,143
80,9266;135,38
81,4271;134,606
81,9425;133,823
82,4727;133,032
83,0177;132,234
83,5776;131,431
84,1527;130,624
84,7431;129,813
85,3492;129
85,9708;128,185
86,6082;127,368
87,2609;126,549
87,9286;125,73
88,6105;124,909
89,3054;124,087
90,0118;123,265
90,7278;122,442
91,4514;121,619
92,1802;120,795
92,9116;119,971
93,6432;119,148
94,3728;118,325
95,0983;117,503
95,8184;116,683
96,5321;115,863
97,239;115,046
97,9391;114,229
98,6331;113,414
99,3219;112,601
100,007;111,788
100,69;110,975
101,372;110,163
102,056;109,352
102,743;108,541
103,436;107,73
104,135;106,919
104,842;106,109
105,558;105,3
106,284;104,492
107,021;103,686
107,768;102,881
108,526;102,078
109,294;101,278
110,073;100,48
110,862;99,6856
111,66;98,8942
112,468;98,1062
113,284;97,3217
114,108;96,5408
114,939;95,7637
115,777;94,9906
116,622;94,2217
117,472;93,4572
118,327;92,6975
119,187;91,9428
120,051;91,1937
120,918;90,4505
121,788;89,7137
122,66;88,9838
123,532;88,2613
124,405;87,5464
125,277;86,8397
126,147;86,1414
127,015;85,4518
127,879;84,771
128,739;84,0991
129,593;83,4362
130,441;82,7824
131,282;82,1376
132,115;81,5018
132,939;80,875
133,753;80,2575
134,558;79,6493
135,352;79,051
136,135;78,4632
136,906;77,8868
137,665;77,3227
138,412;76,772
139,145;76,2359
139,865;75,7156
140,572;75,2122
141,264;74,727
141,941;74,261
142,603;73,8153
143,25;73,391
143,88;72,9889
144,494;72,6094
145,091;72,2531
145,669;71,9199
146,229;71,6098
146,769;71,3224
147,288;71,0576
147,784;70,8148
148,258;70,5938
148,707;70,3943
149,13;70,2161
149,525;70,0592
149,89;69,9235
150,225;69,8091
150,526;69,7159
150,793;69,644
151,024;69,5934
151,216;69,5639
151,37;69,5555
151,483;69,5681
151,555;69,6017
151,584;69,6561
151,57;69,7312
151,513;69,8271
151,412;69,9435
151,268;70,0805
151,081;70,238
150,851;70,4158
150,58;70,614
150,269;70,8324
149,918;71,0708
149,53;71,329
149,106;71,6067
148,648;71,9036
148,158;72,2194
147,637;72,5535
147,086;72,9055
146,508;73,2748
145,904;73,6609
145,276;74,0631
144,624;74,4809
143,95;74,9136
143,256;75,3607
142,542;75,8215
141,811;76,2954
141,063;76,7821
140,3;77,2808
139,524;77,7913
138,736;78,3129
137,936;78,8453
137,128;79,3881
136,31;79,9409
135,485;80,5034
134,652;81,0753
133,813;81,6564
132,968;82,2463
132,117;82,8448
131,261;83,4518
130,4;84,0671
129,534;84,6905
128,665;85,3218
127,792;85,961
126,917;86,6078
126,04;87,2624
125,162;87,9245
124,285;88,5943
123,408;89,2716
122,534;89,9566
121,662;90,6494
120,794;91,3499
119,931;92,0582
119,072;92,7745
118,219;93,4986
117,372;94,2307
116,532;94,9705
115,699;95,7181
114,873;96,4732
114,054;97,2356
113,243;98,005
112,438;98,7811
111,639;99,5634
110,845;100,351
110,054;101,144
109,264;101,941
108,475;102,742
107,686;103,545
106,895;104,351
106,102;105,157
105,307;105,964
104,51;106,772
103,712;107,578
102,914;108,385
102,118;109,189
101,324;109,993
100,533;110,795
99,7474;111,596
98,9676;112,396
98,1947;113,194
97,4294;113,991
96,6724;114,787
95,9242;115,582
95,1851;116,377
94,4555;117,172
93,7355;117,968
93,0254;118,764
92,3253;119,562
91,6352;120,362
90,9553;121,164
90,2855;121,968
89,626;122,774
88,9767;123,582
88,3378;124,391
87,7093;125,201
87,0912;126,009
86,4836;126,816
85,8865;127,62
85,3001;128,421
84,7245;129,216
84,1597;130,005
83,6059;130,788
83,0633;131,562
82,5322;132,328
82,0129;133,084
81,5056;133,83
81,0108;134,565
80,5288;135,288
80,06;135,998
79,6048;136,694
79,1637;137,376
78,737;138,042
78,3251;138,693
77,9286;139,325
77,5477;139,939
77,1829;140,533
76,8348;141,105
76,5036;141,655
76,19;142,18
75,8943;142,681
75,6172;143,155
75,3592;143,601
75,1208;144,02
74,9027;144,409
74,7055;144,769
74,5298;145,099
74,3761;145,399
74,2449;145,669
74,1366;145,907
74,0513;146,115
73,989;146,292
73,9493;146,437
73,9317;146,551
73,935;146,634
73,9583;146,684
73,9999;146,703
74,0582;146,689
74,1316;146,642
74,2183;146,563
74,317;146,45
74,4264;146,305
74,5457;146,128
74,6748;145,918
74,8137;145,676
74,9632;145,402
75,1243;145,097
75,2983;144,762
75,4867;144,397
75,6912;144,003
75,9132;143,581
76,1541;143,131
76,4149;142,654
76,6966;142,152
76,9998;141,624
77,3247;141,071
77,6716;140,495
78,0403;139,896
78,4306;139,275
78,8425;138,633
79,2755;137,972
79,7295;137,291
80,2042;136,594
80,6996;135,881
81,2155;135,153
81,7518;134,413
82,3083;133,662
82,8847;132,901
83,4804;132,132
84,0947;131,356
84,7265;130,574
85,3742;129,787
86,0359;128,996
86,7096;128,202
87,3925;127,405
88,0819;126,605
88,7752;125,802
89,4694;124,997
90,1622;124,189
90,8516;123,379
91,5356;122,565
92,2133;121,749
92,8838;120,93
93,5469;120,109
94,2028;119,286
94,852;118,461
95,4955;117,635
96,1346;116,809
96,7708;115,984
97,4057;115,16
98,0413;114,337
98,6792;113,516
99,3214;112,696
99,9695;111,879
100,625;111,065
101,289;110,252
101,963;109,441
102,646;108,633
103,34;107,826
104,045;107,022
104,759;106,221
105,483;105,421
106,216;104,624
106,957;103,83
107,706;103,039
108,461;102,251
109,223;101,465
109,989;100,683
110,76;99,9044
111,535;99,129
112,313;98,3571
113,095;97,5889
113,878;96,8247
114,665;96,0647
115,453;95,3092
116,243;94,5584
117,036;93,8128
117,829;93,0726
118,624;92,3381
119,42;91,6098
120,217;90,8879
121,014;90,1727
121,81;89,4646
122,605;88,7636
123,399;88,0702
124,191;87,3844
124,98;86,7062
125,765;86,0358
126,547;85,373
127,324;84,7176
128,095;84,0694
128,861;83,4282
129,62;82,7937
130,372;82,1658
131,117;81,5443
131,854;80,9294
132,582;80,3213
133,302;79,7206
134,014;79,1281
134,717;78,5446
135,41;77,9714
136,095;77,4096
136,77;76,8605
137,436;76,3257
138,091;75,8064
138,737;75,3041
139,372;74,8201
139,995;74,3556
140,607;73,9117
141,207;73,4893
141,794;73,0889
142,367;72,7111
142,926;72,3559
143,47;72,0232
143,999;71,7127
144,511;71,4241
145,005;71,1568
145,481;70,9105
145,937;70,6846
146,373;70,479
146,786;70,2934
147,175;70,1276
147,539;69,9817
147,874;69,8555
148,18;69,7491
148,454;69,6624
148,694;69,5955
148,899;69,5485
149,066;69,5212
149,194;69,5139
149,282;69,5265
149,329;69,559
149,333;69,6115
149,294;69,6839
149,213;69,7763
149,088;69,8887
148,92;70,0211
148,711;70,1733
148,462;70,3454
148,173;70,5373
147,846;70,7488
147,483;70,9798
147,086;71,2303
146,656;71,4999
146,196;71,7885
145,707;72,0957
145,193;72,4213
144,654;72,765
144,093;73,1262
143,512;73,5047
142,912;73,8999
142,296;74,3114
141,665;74,7388
141,019;75,1817
140,362;75,6397
139,693;76,1124
139,015;76,5996
138,327;77,1007
137,631;77,6156
136,928;78,1437
136,217;78,6846
135,499;79,2379
134,773;79,8031
134,04;80,3798
133,3;80,9675
132,55;81,5658
131,792;82,1745
131,024;82,7931
130,247;83,4214
129,46;84,0591
128,662;84,7059
127,856;85,3618
127,04;86,0265
126,216;86,6999
125,384;87,3818
124,546;88,072
123,703;88,7704
122,857;89,4766
122,008;90,1906
121,159;90,9119
120,309;91,6403
119,461;92,3757
118,616;93,1178
117,773;93,8666
116,935;94,6219
116,101;95,3837
115,273;96,1518
114,45;96,9262
113,634;97,7066
112,823;98,4926
112,018;99,2839
111,219;100,08
110,423;100,88
109,631;101,684
108,84;102,491
108,05;103,301
107,259;104,113
106,467;104,927
105,672;105,742
104,874;106,558
104,073;107,375
103,27;108,192
102,466;109,011
101,661;109,829
100,857;110,649
100,056;111,469
99,2588;112,29
98,4669;113,113
97,6817;113,937
96,9043;114,762
96,136;115,589
95,3775;116,418
94,6298;117,248
93,8932;118,081
93,1684;118,915
92,4555;119,75
91,7547;120,587
91,0659;121,425
90,3891;122,264
89,724;123,104
89,0705;123,944
88,4284;124,783
87,7974;125,622
87,1773;126,46
86,5679;127,295
85,9692;128,127
85,3809;128,957
84,8032;129,782
84,2359;130,602
83,6793;131,416
83,1333;132,223
82,5981;133,023
82,0741;133,814
81,5612;134,595
81,06;135,366
80,5705;136,124
80,0932;136,868
79,6284;137,598
79,1765;138,311
78,7378;139,006
78,3127;139,683
77,9016;140,338
77,5049;140,971
77,1232;141,58
76,7571;142,164
76,4072;142,721
76,0742;143,25
75,7589;143,75
75,4622;144,22
75,1848;144,66
74,9277;145,069
74,6917;145,446
74,4779;145,792
74,287;146,106
74,1199;146,389
73,9773;146,639
73,86;146,858
73,7682;147,045
73,7021;147,2
73,6619;147,323
73,6472;147,414
73,6574;147,473
73,6916;147,499
73,7486;147,492
73,8269;147,453
73,9246;147,38
74,0398;147,275
74,1702;147,137
74,3137;146,967
74,4682;146,764
74,6319;146,529
74,8034;146,261
74,9818;145,963
75,1666;145,633
75,3579;145,272
75,5564;144,882
75,7634;144,461
75,9802;144,012
76,2089;143,536
76,4514;143,032
76,7098;142,502
76,9859;141,947
77,2816;141,368
77,5985;140,766
77,938;140,143
78,3011;139,5
78,6888;138,838
79,1018;138,158
79,5404;137,461
80,0048;136,749
80,4951;136,024
81,0111;135,286
81,5526;134,537
82,1187;133,779
82,7089;133,014
83,3217;132,241
83,9559;131,464
84,6095;130,683
85,2803;129,898
85,9658;129,112
86,663;128,325
87,369;127,536
88,0807;126,746
88,7952;125,955
89,5098;125,162
90,2221;124,368
90,9305;123,571
91,6335;122,773
92,3303;121,972
93,0206;121,169
93,7044;120,363
94,3821;119,556
95,0544;118,746
95,7224;117,936
96,3871;117,125
97,0498;116,314
97,7117;115,503
98,3741;114,694
99,0382;113,887
99,7052;113,082
100,376;112,28
101,052;111,479
101,733;110,682
102,42;109,886
103,114;109,093
103,814;108,301
104,522;107,511
105,237;106,722
105,958;105,934
106,686;105,148
107,421;104,362
108,162;103,577
108,909;102,794
109,663;102,011
110,422;101,23
111,186;100,451
111,955;99,6747
112,729;98,9006
113,507;98,1297
114,29;97,3624
115,075;96,599
115,864;95,8401
116,656;95,0861
117,449;94,3372
118,244;93,5941
119,04;92,8568
119,836;92,1258
120,632;91,4012
121,428;90,6834
122,223;89,9725
123,016;89,2688
123,808;88,5725
124,597;87,8838
125,385;87,2029
126,169;86,53
126,951;85,8654
127,729;85,2092
128,503;84,5614
129,274;83,9223
130,04;83,292
130,801;82,6706
131,557;82,0583
132,307;81,4555
133,05;80,8626
133,786;80,2801
134,514;79,7085
135,233;79,1485
135,942;78,6008
136,64;78,066
137,326;77,5446
138;77,0375
138,66;76,5451
139,304;76,0681
139,933;75,6071
140,546;75,1624
141,141;74,7347
141,719;74,3243
142,28;73,9317
142,823;73,5571
143,35;73,2008
143,86;72,8631
144,355;72,5442
144,836;72,2443
145,303;71,9637
145,756;71,7026
146,195;71,4611
146,618;71,2395
147,025;71,0379
147,412;70,8566
147,777;70,6959
148,118;70,5559
148,43;70,4368
148,713;70,3389
148,962;70,2623
149,176;70,2075
149,352;70,1745
149,489;70,1636
149,586;70,175
149,641;70,2089
149,654;70,2655
149,625;70,3449
149,553;70,4471
149,44;70,572
149,285;70,7194
149,089;70,8891
148,854;71,0808
148,58;71,2939
148,269;71,5279
147,921;71,7824
147,54;72,0568
147,126;72,3505
146,68;72,6629
146,204;72,9936
145,701;73,342
145,17;73,7078
144,615;74,0905
144,036;74,4898
143,435;74,9054
142,813;75,337
142,172;75,7844
141,513;76,2474
140,836;76,7258
140,143;77,2195
139,434;77,7283
138,711;78,252
137,973;78,7903
137,222;79,3427
136,458;79,9089
135,68;80,4883
134,891;81,0807
134,089;81,6853
133,275;82,3018
132,451;82,9297
131,616;83,5688
130,772;84,2186
129,921;84,879
129,062;85,5498
128,198;86,2307
127,329;86,9217
126,457;87,6226
125,584;88,3333
124,71;89,0536
123,837;89,7833
122,965;90,5222
122,097;91,2699
121,232;92,0263
120,372;92,7909
119,516;93,5636
118,665;94,3439
117,818;95,1315
116,977;95,926
116,14;96,727
115,307;97,534
114,479;98,3467
113,653;99,1647
112,83;99,9878
112,008;100,816
111,187;101,648
110,365;102,485
109,54;103,326
108,714;104,171
107,884;105,02
107,05;105,872
106,213;106,728
105,373;107,587
104,532;108,448
103,69;109,312
102,849;110,178
102,011;111,044
101,176;111,912
100,347;112,781
99,5247;113,649
98,7097;114,518
97,9034;115,385
97,1063;116,252
96,319;117,118
95,5419;117,982
94,775;118,846
94,0185;119,708
93,2723;120,568
92,5363;121,428
91,8103;122,287
91,0943;123,146
90,388;124,004
89,6914;124,863
89,0044;125,72
88,327;126,577
87,6592;127,433
87,0011;128,286
86,3529;129,138
85,7147;129,985
85,087;130,829
84,4701;131,668
83,8643;132,501
83,2703;133,327
82,6887;134,147
82,12;134,958
81,565;135,76
81,0245;136,551
80,4991;137,332
79,9897;138,1
79,497;138,855
79,0218;139,595
78,5646;140,318
78,1261;141,023
77,7071;141,709
77,3081;142,373
76,9298;143,015
76,5728;143,631
76,2375;144,22
75,9245;144,781
75,6342;145,312
75,3669;145,812
75,1231;146,278
74,9029;146,711
74,7064;147,108
74,5339;147,469
74,3851;147,794
74,2599;148,081
74,1578;148,331
74,0784;148,543
74,0208;148,717
73,9842;148,853
73,9675;148,95
73,9694;149,01
73,9888;149,031
74,0245;149,015
74,0755;148,96
74,1411;148,866
74,2209;148,735
74,315;148,566
74,4238;148,359
74,5482;148,114
74,6891;147,831
74,8477;147,511
75,025;147,155
75,2219;146,762
75,4393;146,334
75,6776;145,872
75,9373;145,376
76,2184;144,848
76,5209;144,289
76,8446;143,701
77,1891;143,085
77,5539;142,444
77,9386;141,778
78,3427;141,089
78,7655;140,378
79,2068;139,648
79,666;138,899
80,1427;138,133
80,6367;137,352
81,1477;136,556
81,6755;135,748
82,22;134,929
82,7812;134,1
83,359;133,264
83,9534;132,421
84,5643;131,574
85,1917;130,722
85,8354;129,869
86,4951;129,013
87,1702;128,157
87,8599;127,3
88,5633;126,442
89,279;125,584
90,0052;124,727
90,7399;123,869
91,4808;123,01
92,2254;122,151
92,971;121,292
93,7151;120,431
94,4552;119,57
95,1893;118,708
95,9158;117,845
96,6336;116,982
97,3421;116,118
98,0413;115,255
98,7316;114,391
99,4139;113,529
100,089;112,667
100,76;111,807
101,427;110,948
102,092;110,092
102,759;109,239
103,427;108,388
104,1;107,541
104,778;106,698
105,464;105,859
106,156;105,024
106,857;104,194
107,566;103,369
108,283;102,55
109,008;101,735
109,74;100,926
110,48;100,121
111,226;99,3224
111,979;98,5284
112,737;97,7395
113,5;96,9556
114,268;96,1768
115,04;95,4032
115,815;94,635
116,594;93,8727
117,374;93,1166
118,157;92,3673
118,941;91,6254
119,726;90,8913
120,511;90,1659
121,296;89,4495
122,08;88,7428
122,863;88,0462
123,645;87,36
124,424;86,6844
125,2;86,0194
125,973;85,3652
126,743;84,7214
127,509;84,0879
128,27;83,4644
129,027;82,8505
129,779;82,246
130,526;81,6508
131,267;81,0649
132,001;80,4885
132,727;79,9221
133,445;79,3661
134,154;78,8212
134,852;78,2883
135,537;77,768
136,209;77,2612
136,865;76,7684
137,505;76,2905
138,127;75,8278
138,729;75,3809
139,31;74,9501
139,869;74,5357
140,405;74,138
140,918;73,7572
141,408;73,3935
141,874;73,0469
142,319;72,7175
142,743;72,4055
143,146;72,1108
143,532;71,8334
143,901;71,5735
144,255;71,3311
144,597;71,1062
144,926;70,899
145,243;70,7097
145,548;70,5385
145,839;70,3855
146,115;70,251
146,372;70,135
146,609;70,0379
146,822;69,9596
147,008;69,9003
147,164;69,8602
147,287;69,8392
147,377;69,8375
147,43;69,8553
147,447;69,8925
147,426;69,9495
147,368;70,0262
147,273;70,1229
147,14;70,2395
146,972;70,376
146,769;70,5325
146,532;70,7087
146,263;70,9044
145,964;71,1194
145,635;71,3532
145,279;71,6055
144,897;71,8757
144,491;72,1634
144,061;72,4679
143,61;72,7887
143,139;73,1253
142,648;73,4769
142,139;73,8431
141,612;74,2234
141,068;74,6173
140,507;75,0244
139,931;75,4445
139,34;75,8773
138,736;76,3226
138,119;76,7806
137,49;77,251
136,85;77,7338
136,201;78,229
135,542;78,7366
134,874;79,2565
134,199;79,7884
133,515;80,3322
132,824;80,8876
132,124;81,4542
131,417;82,0317
130,7;82,6196
129,975;83,2176
129,241;83,8251
128,498;84,4418
127,746;85,0674
126,986;85,7015
126,218;86,3438
125,444;86,994
124,663;87,652
123,879;88,3175
123,091;88,9904
122,302;89,6705
121,514;90,3575
120,727;91,0514
119,943;91,752
119,163;92,459
118,387;93,1723
117,616;93,8917
116,85;94,6169
116,088;95,3477
115,331;96,084
114,577;96,8254
113,826;97,572
113,078;98,3233
112,331;99,0794
111,583;99,84
110,835;100,605
110,083;101,374
109,327;102,147
108,566;102,924
107,798;103,705
107,025;104,49
106,245;105,279
105,459;106,072
104,669;106,868
103,876;107,668
103,081;108,472
102,287;109,279
101,496;110,089
100,708;110,902
99,9273;111,719
99,1534;112,539
98,3879;113,362
97,6316;114,188
96,8849;115,017
96,1482;115,848
95,4212;116,683
94,704;117,521
93,9961;118,361
93,2972;119,203
92,607;120,048
91,9251;120,894
91,2511;121,742
90,5848;122,592
89,9261;123,443
89,2749;124,294
88,6315;125,145
87,9958;125,996
87,3684;126,845
86,7494;127,692
86,1393;128,537
85,5387;129,377
84,948;130,213
84,3678;131,044
83,7986;131,868
83,2412;132,685
82,6961;133,494
82,1639;134,293
81,6452;135,082
81,1406;135,859
80,6507;136,624
80,1759;137,374
79,7168;138,11
79,2738;138,83
78,8472;139,532
78,4374;140,216
78,0447;140,881
77,6696;141,525
77,3123;142,148
76,9735;142,748
76,6534;143,324
76,3526;143,877
76,0717;144,403
75,8111;144,904
75,5715;145,377
75,3534;145,822
75,1573;146,238
74,9836;146,624
74,8324;146,979
74,7038;147,302
74,5977;147,592
74,5135;147,849
74,4504;148,071
74,4075;148,257
74,3832;148,408
74,3762;148,521
74,3846;148,596
74,4067;148,632
74,4408;148,63
74,4853;148,588
74,5392;148,506
74,6016;148,386
74,6723;148,225
74,7516;148,026
74,8404;147,788
74,9397;147,513
75,0513;147,201
75,177;146,853
75,3187;146,47
75,4781;146,054
75,657;145,605
75,8566;145,126
76,0778;144,617
76,3213;144,08
76,5872;143,517
76,8752;142,929
77,1849;142,318
77,5155;141,685
77,8659;141,032
78,235;140,361
78,6217;139,672
79,0249;138,968
79,4435;138,249
79,8768;137,517
80,324;136,774
80,7849;136,02
81,2592;135,257
81,7471;134,487
82,2488;133,71
82,7646;132,929
83,2953;132,143
83,8416;131,354
84,404;130,563
84,9834;129,771
85,5804;128,977
86,1954;128,181
86,8289;127,385
87,4806;126,586
88,1504;125,786
88,8373;124,985
89,5403;124,181
90,2576;123,375
90,9873;122,567
91,7269;121,757
92,4737;120,945
93,2247;120,132
93,977;119,317
94,728;118,502
95,4751;117,685
96,2164;116,869
96,9505;116,052
97,6765;115,236
98,3941;114,421
99,1037;113,605
99,8058;112,791
100,502;111,977
101,193;111,163
101,882;110,349
102,571;109,536
103,261;108,723
103,954;107,911
104,653;107,099
105,359;106,288
106,073;105,479
106,796;104,671
107,53;103,866
108,274;103,063
109,029;102,263
109,795;101,467
110,57;100,676
111,356;99,8885
112,149;99,1062
112,951;98,3289
113,758;97,5568
114,572;96,7899
115,389;96,0283
116,209;95,2719
117,03;94,5207
117,852;93,7744
118,674;93,033
119,494;92,2963
120,312;91,5642
121,128;90,8367
121,941;90,1137
122,75;89,3952
123,556;88,6812
124,359;87,9719
125,157;87,2674
125,953;86,5677
126,744;85,873
127,532;85,1835
128,316;84,4994
129,096;83,8212
129,872;83,1492
130,644;82,4841
131,411;81,8267
132,173;81,1778
132,929;80,5386
133,679;79,9102
134,423;79,2937
135,159;78,6904
135,887;78,1015
136,606;77,5285
137,316;76,9725
138,015;76,4346
138,703;75,9162
139,379;75,4179
140,043;74,9406
140,694;74,4848
141,334;74,0506
141,96;73,6382
142,574;73,2476
143,176;72,8785
143,766;72,5309
144,343;72,2045
144,908;71,899
145,459;71,6143
145,995;71,3502
146,515;71,1065
147,015;70,8829
147,493;70,6793
147,945;70,4957
148,367;70,3321
148,757;70,1884
149,11;70,0647
149,424;69,961
149,696;69,8777
149,924;69,8146
150,106;69,7721
150,24;69,7504
150,325;69,7494
150,362;69,7696
150,35;69,8111
150,289;69,8742
150,18;69,9591
150,025;70,066
149,824;70,195
149,578;70,3464
149,29;70,52
148,962;70,7158
148,595;70,9336
148,191;71,1731
147,754;71,434
147,285;71,7157
146,786;72,018
146,259;72,34
145,706;72,6814
145,129;73,0413
144,529;73,4191
143,907;73,8143
143,265;74,2259
142,605;74,6535
141,927;75,0963
141,233;75,5536
140,524;76,0251
139,802;76,5101
139,068;77,0084
138,322;77,5194
137,567;78,0431
136,803;78,579
136,031;79,1272
135,252;79,6873
134,465;80,2592
133,672;80,8428
132,871;81,4379
132,065;82,0442
131,251;82,6614
130,432;83,2891
129,606;83,9271
128,775;84,575
127,938;85,2322
127,096;85,8985
126,25;86,5733
125,4;87,2563
124,547;87,947
123,692;88,6449
122,835;89,3497
121,977;90,061
121,119;90,7785
120,261;91,502
119,403;92,2312
118,546;92,966
117,691;93,7063
116,838;94,4522
115,987;95,2037
115,139;95,9609
114,295;96,7238
113,455;97,4925
112,621;98,2669
111,792;99,0468
110,968;99,832
110,15;100,622
109,336;101,417
108,526;102,216
107,72;103,019
106,916;103,825
106,114;104,634
105,313;105,446
104,513;106,26
103,714;107,075
102,915;107,892
102,119;108,71
101,325;109,529
100,535;110,349
99,7494;111,17
98,9703;111,99
98,1984;112,811
97,4347;113,631
96,68;114,45
95,935;115,269
95,2002;116,086
94,4757;116,902
93,7617;117,717
93,0581;118,529
92,3647;119,339
91,6812;120,148
91,0073;120,953
90,3429;121,757
89,6875;122,558
89,0409;123,356
88,403;124,151
87,7737;124,944
87,153;125,734
86,5409;126,521
85,9377;127,304
85,3437;128,085
84,7592;128,863
84,1846;129,637
83,6204;130,407
83,0668;131,173
82,5244;131,934
81,9935;132,691
81,4745;133,441
80,9678;134,185
80,4738;134,922
79,9929;135,651
79,5257;136,37
79,0728;137,079
78,6348;137,776
78,2126;138,46
77,8069;139,129
77,4188;139,782
77,0493;140,416
76,6995;141,03
76,3706;141,621
76,0635;142,189
75,7794;142,732
75,5193;143,247
75,284;143,734
75,0742;144,191
74,8904;144,617
74,7329;145,01
74,6017;145,369
74,4968;145,695
74,4177;145,985
74,3637;146,238
74,3338;146,455
74,3267;146,634
74,3408;146,775
74,3745;146,876
74,4257;146,938
74,4927;146,961
74,5735;146,942
74,6666;146,883
74,7709;146,784
74,8856;146,644
75,0103;146,463
75,1456;146,242
75,2919;145,982
75,4506;145,682
75,6229;145,345
75,8105;144,971
76,0146;144,56
76,2367;144,115
76,4778;143,637
76,7387;143,127
77,0199;142,586
77,3218;142,017
77,6441;141,42
77,9867;140,798
78,3491;140,152
78,7307;139,484
79,1309;138,795
79,5489;138,087
79,9843;137,361
80,4363;136,62
80,9046;135,864
81,3889;135,095
81,889;134,315
82,4049;133,525
82,9369;132,728
83,485;131,923
84,0497;131,113
84,6311;130,299
85,2295;129,482
85,8449;128,663
86,4771;127,843
87,1258;127,021
87,7903;126,2
88,4693;125,378
89,1616;124,556
89,8652;123,735
90,5779;122,914
91,2972;122,094
92,0206;121,274
92,7454;120,456
93,4691;119,638
94,1897;118,821
94,9052;118,006
95,6146;117,192
96,3169;116,38
97,0121;115,569
97,7002;114,761
98,382;113,954
99,0585;113,149
99,731;112,347
100,401;111,546
101,07;110,746
101,741;109,949
102,414;109,153
103,091;108,358
103,774;107,565
104,463;106,773
105,16;105,982
105,864;105,192
106,576;104,404
107,297;103,617
108,025;102,831
108,761;102,046
109,504;101,264
110,253;100,484
111,009;99,7064
111,771;98,9323
112,537;98,1621
113,307;97,3964
114,081;96,6359
114,858;95,8811
115,637;95,1326
116,417;94,3908
117,199;93,6563
117,981;92,9293
118,763;92,2101
119,545;91,4987
120,327;90,7951
121,108;90,0994
121,888;89,4114
122,667;88,7307
123,444;88,0573
124,22;87,3907
124,993;86,7305
125,764;86,0764
126,531;85,4277
127,294;84,7841
128,053;84,145
128,807;83,5099
129,556;82,8784
130,299;82,2503
131,035;81,6254
131,765;81,0039
132,487;80,3863
133,201;79,7733
133,906;79,1659
134,602;78,5653
135,289;77,9729
135,965;77,3903
136,629;76,8194
137,282;76,262
137,923;75,72
138,55;75,1954
139,164;74,6897
139,764;74,2045
140,349;73,7411
140,919;73,3003
141,473;72,8827
142,013;72,4886
142,536;72,1183
143,045;71,7716
143,537;71,4487
144,014;71,1493
144,474;70,8732
144,918;70,6204
145,346;70,3904
145,755;70,1831
146,146;69,9981
146,516;69,8348
146,864;69,6929
147,188;69,5716
147,487;69,4704
147,759;69,3888
148,002;69,3263
148,214;69,2825
148,395;69,2573
148,542;69,2506
148,655;69,2623
148,732;69,2928
148,773;69,3421
148,776;69,4106
148,741;69,4986
148,668;69,6064
148,556;69,7344
148,406;69,8827
148,217;70,0517
147,99;70,2414
147,726;70,4518
147,426;70,683
147,09;70,9346
146,72;71,2064
146,317;71,4981
145,883;71,8091
145,42;72,1388
144,929;72,4867
144,411;72,852
143,869;73,2342
143,305;73,6324
142,718;74,0462
142,113;74,4748
141,489;74,9176
140,848;75,3742
140,192;75,844
139,521;76,3267
138,838;76,8218
138,143;77,3289
137,436;77,8478
136,72;78,378
135,996;78,9192
135,262;79,4711
134,521;80,0332
133,773;80,6052
133,018;81,1869
132,255;81,7779
131,487;82,3782
130,711;82,9874
129,93;83,6056
129,143;84,2327
128,35;84,8686
127,551;85,5135
126,747;86,1673
125,938;86,8299
125,125;87,5013
124,308;88,1815
123,489;88,8702
122,667;89,5672
121,845;90,2722
121,022;90,9848
120,199;91,7046
119,377;92,431
118,557;93,1634
117,739;93,9012
116,924;94,6437
116,114;95,3902
115,308;96,1401
114,507;96,8928
113,712;97,6477
112,923;98,4043
112,139;99,1623
111,36;99,9214
110,585;100,681
109,812;101,442
109,04;102,204
108,268;102,966
107,495;103,729
106,72;104,493
105,942;105,257
105,161;106,023
104,378;106,79
103,593;107,558
102,808;108,328
102,024;109,099
101,242;109,872
100,464;110,646
99,6905;111,423
98,9237;112,201
98,1644;112,981
97,4135;113,764
96,6718;114,548
95,9399;115,335
95,2182;116,124
94,5069;116,916
93,8061;117,711
93,1158;118,509
92,4359;119,309
91,7661;120,112
91,1063;120,918
90,456;121,725
89,8151;122,535
89,1832;123,345
88,5601;124,155
87,9455;124,965
87,3394;125,774
86,7416;126,58
86,1523;127,382
85,5714;128,18
84,9992;128,973
84,4361;129,758
83,8823;130,536
83,3383;131,306
82,8045;132,065
82,2815;132,814
81,7698;133,552
81,2701;134,278
80,7831;134,991
80,3093;135,69
79,8497;136,376
79,4048;137,047
78,9753;137,703
78,562;138,343
78,1655;138,967
77,7862;139,574
77,4247;140,163
77,0814;140,732
76,7567;141,281
76,4509;141,809
76,1641;142,315
75,8966;142,797
75,6485;143,255
75,4199;143,687
75,2109;144,091
75,0216;144,468
74,852;144,817
74,702;145,135
74,5716;145,423
74,4604;145,679
74,368;145,904
74,2938;146,096
74,2369;146,255
74,1967;146,382
74,172;146,475
74,1619;146,534
74,1657;146,561
74,1826;146,554
74,2124;146,515
74,2551;146,442
74,3113;146,336
74,3816;146,198
74,4673;146,027
74,5696;145,825
74,6897;145,59
74,8289;145,325
74,9883;145,029
75,1686;144,702
75,3705;144,346
75,5944;143,96
75,8404;143,546
76,1082;143,104
76,3976;142,635
76,7079;142,14
77,0383;141,619
77,3881;141,074
77,756;140,505
78,1411;139,914
78,5424;139,301
78,9587;138,667
79,3892;138,014
79,8331;137,342
80,2899;136,654
80,7593;135,95
81,2412;135,231
81,7358;134,501
82,2435;133,759
82,7649;133,008
83,3007;132,249
83,8517;131,484
84,4185;130,713
85,002;129,937
85,6026;129,158
86,2206;128,375
86,856;127,589
87,5086;126,8
88,1774;126,008
88,8615;125,213
89,5591;124,415
90,2683;123,613
90,9867;122,809
91,7115;122,002
92,4398;121,192
93,1689;120,381
93,8958;119,567
94,6182;118,753
95,334;117,938
96,0417;117,124
96,7404;116,311
97,4295;115,5
98,1092;114,691
98,7798;113,885
99,4424;113,081
100,098;112,281
100,749;111,483
101,395;110,688
102,041;109,895
102,686;109,106
103,333;108,319
103,983;107,534
104,64;106,752
105,302;105,973
105,972;105,195
106,651;104,42
107,338;103,647
108,035;102,876
108,74;102,107
109,455;101,341
110,178;100,577
110,91;99,8161
111,65;99,0585
112,397;98,3044
113,151;97,5542
113,912;96,8083
114,678;96,067
115,449;95,3308
116,224;94,6002
117,003;93,8756
117,785;93,1573
118,569;92,4459
119,354;91,7415
120,14;91,0446
120,926;90,3552
121,711;89,6734
122,494;88,9993
123,275;88,3327
124,054;87,6736
124,83;87,0215
125,602;86,3764
126,37;85,7377
127,135;85,1051
127,895;84,4784
128,651;83,8574
129,403;83,2418
130,149;82,6318
130,891;82,0276
131,628;81,4297
132,359;80,8387
133,083;80,2553
133,8;79,6803
134,509;79,1148
135,21;78,5598
135,9;78,0166
136,58;77,4865
137,249;76,9705
137,905;76,47
138,549;75,9859
139,18;75,5193
139,797;75,0708
140,402;74,641
140,994;74,2304
141,574;73,8392
142,144;73,4677
142,703;73,116
143,253;72,7841
143,794;72,472
144,325;72,1794
144,847;71,9061
145,358;71,6518
145,856;71,4163
146,338;71,1991
146,802;71,0001
147,245;70,8192
147,662;70,6564
148,052;70,5117
148,411;70,3853
148,737;70,2775
149,026;70,1887
149,278;70,119
149,49;70,0688
149,66;70,0385
149,789;70,0283
149,873;70,0384
149,913;70,069
149,909;70,12
149,861;70,1916
149,768;70,2837
149,631;70,3961
149,452;70,5288
149,23;70,6815
148,968;70,8541
148,666;71,0464
148,327;71,2583
147,952;71,4895
147,542;71,7398
147,101;72,0088
146,629;72,2964
146,129;72,6021
145,602;72,9256
145,051;73,2666
144,477;73,6246
143,882;73,9993
143,267;74,3902
142,634;74,7969
141,984;75,2192
141,319;75,6568
140,639;76,1093
139,947;76,5768
139,244;77,0592
138,53;77,5563
137,807;78,0681
137,075;78,5945
136,337;79,1353
135,592;79,6902
134,84;80,2588
134,084;80,8406
133,322;81,4353
132,555;82,0423
131,784;82,6609
131,009;83,2906
130,229;83,9306
129,445;84,5802
128,658;85,2389
127,867;85,9057
127,073;86,58
126,274;87,2611
125,473;87,9483
124,668;88,641
123,859;89,3385
123,047;90,0404
122,231;90,7464
121,412;91,4559
120,591;92,1689
119,768;92,8852
118,943;93,6046
118,117;94,3272
117,292;95,0528
116,467;95,7817
115,645;96,5139
114,827;97,2494
114,012;97,9886
113,202;98,7314
112,397;99,4781
111,596;100,229
110,799;100,984
110,006;101,743
109,215;102,507
108,424;103,275
107,635;104,048
106,844;104,825
106,053;105,606
105,26;106,39
104,466;107,178
103,673;107,969
102,88;108,762
102,089;109,556
101,301;110,351
100,518;111,146
99,7402;111,94
98,9696;112,734
98,2072;113,526
97,4538;114,317
96,7103;115,105
95,9773;115,892
95,2554;116,677
94,5448;117,461
93,8458;118,244
93,1583;119,025
92,482;119,806
91,8168;120,586
91,1622;121,366
90,5177;122,145
89,8829;122,924
89,2572;123,702
88,6402;124,479
88,0314;125,255
87,4306;126,03
86,8375;126,802
86,252;127,571
85,6741;128,337
85,1039;129,098
84,5416;129,854
83,9876;130,603
83,4423;131,345
82,9064;132,078
82,3805;132,803
81,8653;133,517
81,3618;134,22
80,8707;134,911
80,3931;135,589
79,9299;136,254
79,4821;136,903
79,0506;137,538
78,6364;138,155
78,2404;138,756
77,8635;139,338
77,5067;139,901
77,1706;140,444
76,8559;140,966
76,5631;141,467
76,2927;141,945
76,0448;142,4
75,8195;142,831
75,6166;143,238
75,4358;143,619
75,2765;143,975
75,138;144,304
75,0193;144,605
74,9192;144,878
74,8362;145,122
74,7688;145,336
74,7155;145,519
74,6747;145,671
74,645;145,791
74,6254;145,879
74,6153;145,933
74,6146;145,955
74,6236;145,943
74,6432;145,897
74,6747;145,817
74,7196;145,703
74,7796;145,556
74,8565;145,374
74,9517;145,16
75,0667;144,912
75,2026;144,631
75,3603;144,318
75,5403;143,973
75,7428;143,597
75,9679;143,191
76,2154;142,756
76,4849;142,293
76,7757;141,803
77,0872;141,288
77,4184;140,747
77,7686;140,182
78,1366;139,594
78,5216;138,983
78,9225;138,351
79,3385;137,697
79,7687;137,024
80,2124;136,332
80,6693;135,622
81,1389;134,896
81,6212;134,155
82,1162;133,401
82,6243;132,636
83,1458;131,861
83,6814;131,079
84,2316;130,29
84,7972;129,497
85,379;128,701
85,9776;127,903
86,5935;127,103
87,2271;126,303
87,8783;125,503
88,5469;124,703
89,2322;123,903
89,9329;123,104
90,6476;122,306
91,3742;121,509
92,1102;120,712
92,853;119,917
93,5996;119,122
94,3473;118,329
95,0934;117,537
95,8355;116,747
96,5719;115,959
97,3011;115,172
98,0224;114,388
98,7356;113,605
99,4408;112,825
100,139;112,047
100,83;111,271
101,516;110,497
102,199;109,726
102,879;108,956
103,558;108,188
104,238;107,421
104,92;106,656
105,605;105,891
106,295;105,128
106,99;104,365
107,693;103,603
108,402;102,842
109,119;102,08
109,843;101,32
110,576;100,56
111,315;99,8024
112,062;99,0465
112,816;98,2934
113,575;97,5439
114,34;96,7989
115,109;96,0592
115,882;95,3257
116,657;94,599
117,434;93,8799
118,212;93,1688
118,99;92,4663
119,768;91,7725
120,545;91,0875
121,321;90,4112
122,095;89,7435
122,866;89,0841
123,636;88,4326
124,402;87,7885
125,167;87,1514
125,928;86,5208
126,688;85,8963
127,444;85,2777
128,198;84,6647
128,949;84,0572
129,697;83,4555
130,44;82,8597
131,178;82,2703
131,91;81,6878
132,635;81,1129
133,352;80,5463
134,058;79,9886
134,753;79,4408
135,435;78,9037
136,103;78,378
136,756;77,8647
137,393;77,3646
138,013;76,8783
138,616;76,4067
139,203;75,9501
139,773;75,5091
140,328;75,0839
140,867;74,6746
141,392;74,2815
141,904;73,9045
142,404;73,5438
142,894;73,1998
143,374;72,8725
143,845;72,5623
144,307;72,2695
144,76;71,9942
145,203;71,7367
145,633;71,4971
146,05;71,2755
146,448;71,0722
146,826;70,8871
147,18;70,7205
147,508;70,5723
147,806;70,4429
148,071;70,3323
148,303;70,2408
148,499;70,1685
148,659;70,1156
148,781;70,0824
148,865;70,0692
148,91;70,076
148,919;70,1033
148,889;70,1511
148,823;70,2196
148,721;70,3088
148,583;70,4187
148,411;70,5491
148,205;70,6999
147,967;70,8708
147,698;71,0615
147,399;71,2716
147,071;71,5007
146,716;71,7485
146,334;72,0144
145,928;72,298
145,498;72,5988
145,045;72,916
144,57;73,2492
144,073;73,5978
143,557;73,9612
143,02;74,3388
142,464;74,73
141,89;75,1345
141,298;75,5518
140,689;75,9816
140,064;76,4235
139,424;76,8773
138,769;77,3429
138,1;77,8203
137,419;78,3095
136,725;78,8104
136,019;79,3233
135,302;79,848
134,574;80,3848
133,835;80,9334
133,087;81,494
132,33;82,0662
131,564;82,6499
130,79;83,2447
130,01;83,8501
129,224;84,4656
128,433;85,0907
127,638;85,7247
126,84;86,3671
126,04;87,0171
125,238;87,6742
124,435;88,3379
123,631;89,0077
122,828;89,6833
122,024;90,3643
121,222;91,0504
120,42;91,7415
119,618;92,4376
118,819;93,1385
118,02;93,8444
117,224;94,5553
116,43;95,2714
115,639;95,9928
114,851;96,7197
114,067;97,4524
113,287;98,1909
112,511;98,9354
111,738;99,6858
110,969;100,442
110,202;101,204
109,436;101,972
108,67;102,745
107,903;103,523
107,134;104,305
106,362;105,092
105,587;105,882
104,808;106,676
104,027;107,472
103,243;108,271
102,459;109,072
101,676;109,874
100,895;110,678
100,118;111,482
99,3473;112,287
98,5831;113,092
97,8271;113,896
97,0802;114,7
96,3432;115,502
95,6167;116,304
94,901;117,104
94,1964;117,902
93,503;118,699
92,8208;119,494
92,1496;120,286
91,4893;121,077
90,8397;121,865
90,2003;122,651
89,5709;123,434
88,951;124,215
88,3403;124,993
87,7383;125,768
87,1446;126,541
86,5591;127,311
85,9814;128,078
85,4114;128,842
84,849;129,602
84,2943;130,359
83,7477;131,113
83,2093;131,861
82,6798;132,605
82,1597;133,344
81,65;134,076
81,1515;134,803
80,6653;135,521
80,1925;136,232
79,7343;136,934
79,2917;137,627
78,866;138,308
78,4582;138,978
78,0692;139,635
77,7001;140,277
77,3516;140,903
77,0246;141,512
76,7196;142,101
76,4371;142,669
76,1776;143,215
75,941;143,735
75,7274;144,23
75,5365;144,697
75,3677;145,135
75,2201;145,543
75,0926;145,918
74,9839;146,261
74,8923;146,569
74,816;146,843
74,7531;147,082
74,7019;147,284
74,6607;147,45
74,6282;147,58
74,6034;147,673
74,5859;147,73
74,5757;147,749
74,5733;147,732
74,5797;147,678
74,5964;147,588
74,6249;147,46
74,667;147,296
74,7247;147,096
74,7995;146,86
74,8931;146,588
75,0067;146,281
75,1412;145,94
75,2975;145,566
75,4759;145,16
75,6766;144,723
75,8995;144,256
76,1443;143,76
76,4105;143,237
76,6974;142,688
77,0044;142,115
77,3307;141,518
77,6754;140,899
78,0377;140,26
78,4167;139,601
78,8115;138,926
79,2214;138,233
79,6457;137,527
80,0837;136,806
80,5348;136,074
80,9985;135,332
81,4742;134,581
81,9615;133,822
82,4599;133,058
82,9691;132,29
83,4887;131,518
84,0185;130,744
84,5583;129,97
85,1079;129,195
85,6675;128,42
86,2372;127,646
86,8173;126,872
87,4082;126,099
88,0104;125,327
88,6244;124,554
89,2506;123,782
89,8895;123,009
90,5412;122,236
91,2059;121,461
91,8832;120,686
92,5725;119,909
93,273;119,131
93,9833;118,352
94,7017;117,572
95,4265;116,791
96,1553;116,009
96,8861;115,226
97,6167;114,443
98,3452;113,66
99,0699;112,877
99,7896;112,095
100,504;111,312
101,212;110,531
101,915;109,75
102,613;108,97
103,307;108,192
103,998;107,415
104,688;106,641
105,379;105,869
106,071;105,099
106,766;104,333
107,466;103,569
108,171;102,809
108,883;102,053
109,602;101,3
110,328;100,552
111,063;99,8075
111,806;99,0681
112,558;98,3336
113,317;97,6042
114,084;96,8803
114,858;96,162
115,639;95,4494
116,425;94,7426
117,216;94,0418
118,012;93,3469
118,81;92,658
119,611;91,9749
120,413;91,2978
121,216;90,6266
122,019;89,9612
122,822;89,3017
123,624;88,648
124,424;87,9999
125,222;87,3575
126,018;86,7208
126,811;86,0898
127,601;85,4645
128,387;84,8454
129,169;84,2326
129,946;83,6268
130,717;83,0285
131,482;82,4385
132,24;81,8574
132,989;81,2861
133,727;80,7252
134,455;80,1753
135,169;79,637
135,867;79,1108
136,549;78,5969
137,213;78,0959
137,855;77,6079
138,476;77,1331
139,074;76,6719
139,647;76,2242
140,195;75,7903
140,719;75,3703
141,219;74,9643
141,696;74,5727
142,152;74,1957
142,588;73,8338
143,009;73,4874
143,415;73,1572
143,811;72,8438
144,198;72,5478
144,577;72,27
144,949;72,0107
145,313;71,7707
145,669;71,5502
146,014;71,3497
146,345;71,1694
146,659;71,0095
146,953;70,8701
147,222;70,7514
147,464;70,6531
147,676;70,5754
147,855;70,518
147,998;70,4807
148,104;70,4632
148,172;70,4654
148,2;70,4869
148,189;70,5274
148,137;70,5868
148,046;70,6648
147,916;70,7612
147,749;70,8758
147,545;71,0086
147,307;71,1592
147,036;71,3278
146,734;71,5141
146,403;71,7181
146,044;71,9398
145,66;72,1792
145,251;72,436
144,82;72,7103
144,366;73,0017
143,893;73,3102
143,399;73,6355
142,887;73,977
142,356;74,3345
141,808;74,7074
141,243;75,0953
140,663;75,4976
140,066;75,9138
139,456;76,3436
138,832;76,7863
138,195;77,2417
137,546;77,7094
136,885;78,1892
136,214;78,6808
135,533;79,1841
134,843;79,6987
134,143;80,2245
133,435;80,7613
132,718;81,3087
131,993;81,8666
131,261;82,4345
130,522;83,0121
129,777;83,5992
129,026;84,1952
128,27;84,7999
127,511;85,4129
126,748;86,034
125,982;86,6628
125,215;87,299
124,446;87,9425
123,675;88,593
122,904;89,2502
122,133;89,914
121,361;90,584
120,588;91,2602
119,814;91,9423
119,04;92,6301
118,264;93,3235
117,487;94,0223
116,708;94,7263
115,929;95,4355
115,148;96,1497
114,367;96,8689
113,586;97,5929
112,805;98,3217
112,025;99,055
111,244;99,7929
110,465;100,535
109,685;101,282
108,905;102,032
108,124;102,786
107,342;103,544
106,558;104,304
105,771;105,067
104,982;105,833
104,191;106,601
103,398;107,37
102,605;108,141
101,812;108,913
101,021;109,687
100,234;110,462
99,4529;111,239
98,678;112,018
97,9112;112,798
97,1537;113,58
96,4063;114,365
95,6698;115,152
94,9446;115,942
94,2309;116,734
93,5285;117,53
92,8374;118,329
92,1572;119,131
91,4873;119,936
90,8274;120,745
90,1769;121,556
89,5354;122,371
88,9025;123,188
88,2781;124,007
87,6618;124,828
87,0536;125,65
86,4535;126,473
85,8617;127,295
85,2785;128,116
84,7042;128,934
84,1394;129,748
83,5845;130,557
83,0405;131,36
82,5081;132,155
81,9883;132,94
81,482;133,716
80,9905;134,48
80,5149;135,232
80,0563;135,97
79,6159;136,693
79,1945;137,402
78,7931;138,094
78,4124;138,769
78,0529;139,426
77,7148;140,065
77,3985;140,684
77,1039;141,284
76,8307;141,864
76,5787;142,422
76,3472;142,958
76,1355;143,471
75,9428;143,96
75,768;144,424
75,61;144,863
75,4675;145,275
75,3392;145,659
75,2237;146,014
75,1198;146,339
75,0263;146,632
74,9425;146,893
74,8677;147,12
74,802;147,311
74,7457;147,466
74,6994;147,584
74,6644;147,663
74,6417;147,703
74,6327;147,703
74,6389;147,663
74,6614;147,582
74,7016;147,461
74,7604;147,3
74,8388;147,099
74,9375;146,859
75,057;146,581
75,1975;146,267
75,3593;145,917
75,5422;145,533
75,7459;145,117
75,9702;144,67
76,2144;144,193
76,478;143,688
76,7603;143,158
77,0605;142,602
77,3778;142,023
77,7116;141,422
78,0609;140,799
78,4252;140,157
78,8036;139,496
79,1955;138,818
79,6005;138,122
80,0179;137,411
80,4473;136,685
80,8884;135,946
81,341;135,195
81,8049;134,434
82,28;133,663
82,7664;132,884
83,2643;132,099
83,7738;131,309
84,2955;130,514
84,8298;129,717
85,3773;128,917
85,9387;128,115
86,5146;127,312
87,1057;126,509
87,7123;125,705
88,3349;124,901
88,9735;124,097
89,6282;123,294
90,2984;122,492
90,9834;121,691
91,682;120,89
92,3928;120,091
93,114;119,294
93,8433;118,498
94,5782;117,704
95,3163;116,912
96,0548;116,122
96,7912;115,334
97,5231;114,548
98,2489;113,764
98,9671;112,981
99,677;112,199
100,378;111,419
101,072;110,64
101,757;109,862
102,437;109,085
103,111;108,309
103,783;107,535
104,453;106,761
105,123;105,989
105,795;105,219
106,47;104,45
107,15;103,684
107,834;102,921
108,524;102,16
109,22;101,402
109,921;100,648
110,629;99,8979
111,342;99,1516
112,06;98,4096
112,784;97,672
113,512;96,9389
114,244;96,2106
114,98;95,4869
115,718;94,7681
116,458;94,0541
117,2;93,3451
117,942;92,6413
118,685;91,9428
119,428;91,2501
120,17;90,5633
120,912;89,8829
121,652;89,2094
122,392;88,543
123,131;87,884
123,869;87,2326
124,607;86,589
125,345;85,9531
126,083;85,3249
126,822;84,7041
127,562;84,0907
128,302;83,4849
129,044;82,8866
129,788;82,2963
130,533;81,7145
131,278;81,1419
132,025;80,5791
132,77;80,0269
133,515;79,4862
134,257;78,9579
134,994;78,4426
135,725;77,9414
136,447;77,4548
137,158;76,9835
137,855;76,5281
138,536;76,089
139,199;75,6666
139,841;75,2612
140,461;74,8729
141,059;74,5021
141,634;74,1489
142,186;73,8134
142,716;73,4958
143,224;73,1963
143,711;72,9151
144,176;72,6523
144,621;72,4079
145,045;72,1821
145,447;71,9749
145,826;71,7865
146,181;71,6167
146,511;71,4657
146,814;71,3335
147,088;71,2201
147,333;71,1255
147,546;71,0498
147,726;70,993
147,872;70,9551
147,983;70,9362
148,057;70,9364
148,094;70,9556
148,094;70,9939
148,055;71,0512
147,979;71,1275
147,864;71,2227
147,712;71,3367
147,522;71,4693
147,296;71,6204
147,033;71,7898
146,736;71,9772
146,405;72,1826
146,042;72,4057
145,648;72,6463
145,225;72,9045
144,773;73,1801
144,295;73,4729
143,792;73,783
143,265;74,1102
142,716;74,4544
142,146;74,8153
141,556;75,1926
140,948;75,5862
140,322;75,9954
139,681;76,4199
139,024;76,8591
138,355;77,3123
137,673;77,779
136,98;78,2585
136,278;78,7502
135,567;79,2533
134,847;79,7674
134,121;80,2917
133,388;80,8258
132,648;81,3692
131,904;81,9217
131,153;82,4829
130,399;83,0528
129,64;83,6315
128,878;84,219
128,114;84,8157
127,347;85,4218
126,579;86,0376
125,81;86,6634
125,041;87,2994
124,272;87,9458
123,503;88,6026
122,735;89,2698
121,968;89,9472
121,201;90,6343
120,435;91,3309
119,669;92,0364
118,903;92,7501
118,138;93,4714
117,372;94,1997
116,606;94,9341
115,84;95,6741
115,074;96,4191
114,309;97,1685
113,544;97,922
112,781;98,6793
112,018;99,44
111,255;100,204
110,492;100,972
109,729;101,742
108,964;102,516
108,197;103,292
107,428;104,072
106,655;104,854
105,879;105,639
105,1;106,426
104,317;107,215
103,532;108,005
102,746;108,797
101,96;109,59
101,176;110,383
100,395;111,176
99,6191;111,969
98,8496;112,762
98,0879;113,554
97,3351;114,344
96,5924;115,134
95,8604;115,922
95,1396;116,709
94,4304;117,494
93,7328;118,279
93,0467;119,062
92,3717;119,844
91,7075;120,625
91,0535;121,406
90,409;122,187
89,7734;122,967
89,1463;123,749
88,5269;124,531
87,915;125,314
87,3102;126,097
86,7122;126,881
86,1212;127,665
85,5372;128,447
84,9604;129,228
84,3914;130,007
83,8307;130,782
83,2791;131,552
82,7375;132,318
82,2071;133,077
81,6889;133,83
81,1842;134,576
80,6944;135,312
80,2209;136,04
79,7647;136,757
79,3273;137,462
78,9095;138,155
78,5124;138,834
78,1365;139,498
77,7824;140,146
77,4504;140,777
77,1407;141,39
76,8531;141,983
76,5875;142,555
76,3433;143,105
76,1202;143,633
75,9172;144,136
75,7337;144,613
75,5688;145,063
75,4212;145,485
75,29;145,878
75,174;146,24
75,0719;146,571
74,9828;146,868
74,9057;147,13
74,8402;147,358
74,7861;147,549
74,7438;147,703
74,7139;147,82
74,6976;147,898
74,6961;147,938
74,7108;147,938
74,7431;147,899
74,7942;147,82
74,8652;147,701
74,957;147,543
75,0701;147,346
75,2051;147,109
75,362;146,832
75,5407;146,517
75,7412;146,164
75,9629;145,773
76,2055;145,345
76,4682;144,882
76,7506;144,384
77,0518;143,852
77,3712;143,289
77,7079;142,695
78,0613;142,073
78,4305;141,423
78,8149;140,748
79,2137;140,05
79,6265;139,33
80,0525;138,589
80,4915;137,831
80,943;137,056
81,4069;136,267
81,8833;135,465
82,3721;134,652
82,8739;133,83
83,3889;133,002
83,9178;132,169
84,4612;131,333
85,0197;130,495
85,5941;129,657
86,1847;128,821
86,7922;127,988
87,4166;127,157
88,0581;126,33
88,7164;125,508
89,391;124,689
90,0808;123,875
90,7848;123,066
91,5014;122,26
92,2285;121,457
92,964;120,658
93,7054;119,861
94,4501;119,066
95,1956;118,273
95,9392;117,481
96,679;116,69
97,413;115,899
98,1401;115,108
98,8596;114,316
99,5714;113,524
100,276;112,731
100,973;111,937
101,666;111,142
102,354;110,347
103,04;109,553
103,726;108,759
104,414;107,968
105,104;107,178
105,798;106,391
106,498;105,608
107,204;104,828
107,917;104,052
108,636;103,28
109,363;102,512
110,097;101,748
110,838;100,988
111,586;100,231
112,339;99,4769
113,099;98,7258
113,864;97,9772
114,633;97,2307
115,408;96,4861
116,186;95,7434
116,969;95,0026
117,754;94,2639
118,543;93,5278
119,335;92,7949
120,128;92,0657
120,924;91,341
121,722;90,6218
122,521;89,9089
123,321;89,2033
124,123;88,5059
124,926;87,8176
125,73;87,1394
126,535;86,4718
127,341;85,8156
128,148;85,1711
128,955;84,5387
129,761;83,9185
130,568;83,3107
131,372;82,7152
132,174;82,1322
132,973;81,5617
133,767;81,0037
134,555;80,4586
135,335;79,9263
136,105;79,4072
136,864;78,9012
137,61;78,4086
138,341;77,9295
139,055;77,4641
139,751;77,0126
140,428;76,5751
141,086;76,1518
141,723;75,7428
142,341;75,3484
142,941;74,9688
143,523;74,604
144,09;74,2545
144,643;73,9204
145,184;73,6019
145,713;73,2994
146,231;73,013
146,738;72,7431
147,233;72,49
147,713;72,2539
148,176;72,0351
148,62;71,8341
149,042;71,6512
149,437;71,4868
149,804;71,3414
150,14;71,2155
150,441;71,1095
150,705;71,0239
150,93;70,9593
151,114;70,916
151,256;70,8945
151,355;70,8952
151,409;70,9181
151,419;70,9636
151,384;71,0315
151,305;71,1217
151,182;71,2342
151,015;71,3686
150,806;71,5246
150,554;71,7017
150,262;71,8994
149,93;72,1173
149,56;72,3547
149,152;72,6111
148,708;72,8859
148,228;73,1785
147,715;73,4883
147,17;73,815
146,594;74,1579
145,989;74,5168
145,357;74,8911
144,7;75,2805
144,02;75,6847
143,318;76,1035
142,597;76,5367
141,858;76,9839
141,104;77,4451
140,337;77,9201
139,557;78,4086
138,767;78,9104
137,968;79,4251
137,161;79,9526
136,348;80,4924
135,529;81,0442
134,704;81,6077
133,875;82,1826
133,043;82,7684
132,208;83,3651
131,371;83,9722
130,532;84,5895
129,694;85,2166
128,855;85,8534
128,017;86,4994
127,18;87,1543
126,345;87,8176
125,511;88,4891
124,679;89,1683
123,848;89,8547
123,019;90,5481
122,192;91,248
121,366;91,954
120,542;92,6659
119,718;93,3833
118,896;94,1058
118,074;94,8332
117,254;95,5653
116,436;96,302
115,619;97,0432
114,806;97,7888
113,995;98,5389
113,188;99,2936
112,384;100,053
111,582;100,817
110,783;101,586
109,985;102,361
109,188;103,14
108,391;103,926
107,592;104,717
106,791;105,514
105,988;106,316
105,182;107,125
104,374;107,939
103,566;108,759
102,756;109,584
101,948;110,415
101,142;111,25
100,34;112,089
99,5417;112,933
98,7498;113,78
97,9648;114,631
97,1877;115,485
96,4193;116,341
95,6601;117,2
94,9107;118,06
94,1714;118,922
93,4424;119,785
92,7238;120,649
92,0155;121,514
91,3175;122,38
90,6294;123,246
89,9512;124,112
89,2825;124,977
88,6233;125,843
87,9733;126,707
87,3326;127,57
86,7014;128,431
86,0798;129,29
85,4682;130,146
84,8674;130,998
84,278;131,846
83,701;132,689
83,1374;133,526
82,5886;134,355
82,0558;135,176
81,5403;135,987
81,0434;136,787
80,5666;137,575
80,1108;138,348
79,6771;139,105
79,2662;139,845
78,8787;140,565
78,5149;141,264
78,175;141,94
77,8589;142,591
77,566;143,215
77,296;143,812
77,048;144,379
76,8212;144,915
76,6144;145,42
76,4264;145,891
76,2561;146,328
76,102;146,729
75,9626;147,095
75,8364;147,423
75,722;147,714
75,6179;147,966
75,5229;148,178
75,4361;148,35
75,3572;148,482
75,2862;148,573
75,2237;148,624
75,1709;148,633
75,1293;148,602
75,1008;148,531
75,0876;148,42
75,0918;148,27
75,1154;148,081
75,1605;147,855
75,2285;147,592
75,3209;147,292
75,4389;146,958
75,5833;146,589
75,7544;146,187
75,9526;145,754
76,1779;145,289
76,4298;144,795
76,7079;144,272
77,0115;143,721
77,3399;143,143
77,6919;142,54
78,0665;141,912
78,4627;141,26
78,879;140,586
79,3142;139,89
79,767;139,174
80,2361;138,439
80,7204;137,687
81,2186;136,919
81,7297;136,136
82,2529;135,342
82,7875;134,536
83,3331;133,722
83,8892;132,901
84,4557;132,075
85,0327;131,244
85,6204;130,409
86,2189;129,573
86,8286;128,735
87,45;127,895
88,0834;127,055
88,7291;126,213
89,3875;125,369
90,0586;124,524
90,7425;123,677
91,439;122,828
92,1475;121,977
92,8674;121,124
93,5978;120,268
94,3373;119,41
95,0845;118,55
95,8378;117,689
96,5953;116,826
97,3549;115,962
98,1146;115,098
98,8726;114,234
99,6271;113,37
100,377;112,506
101,121;111,643
101,859;110,781
102,591;109,921
103,318;109,064
104,04;108,209
104,758;107,358
105,474;106,511
106,189;105,669
106,904;104,831
107,621;104
108,342;103,174
109,066;102,355
109,796;101,543
110,532;100,738
111,276;99,9408
112,027;99,1509
112,786;98,3688
113,552;97,5946
114,327;96,8282
115,108;96,0698
115,897;95,3191
116,691;94,5759
117,491;93,8402
118,295;93,1116
119,103;92,39
119,914;91,675
120,727;90,9665
121,541;90,2642
122,356;89,568
123,172;88,8777
123,987;88,1931
124,801;87,5143
125,613;86,8412
126,423;86,174
127,23;85,5126
128,033;84,8574
128,832;84,2087
129,626;83,567
130,415;82,9329
131,196;82,3071
131,971;81,6905
132,737;81,0842
133,493;80,4891
134,24;79,9064
134,976;79,3371
135,7;78,7824
136,411;78,2431
137,109;77,7201
137,791;77,2142
138,458;76,726
139,109;76,2557
139,744;75,8036
140,361;75,3699
140,961;74,9544
141,543;74,5571
142,11;74,1778
142,66;73,8166
143,197;73,4731
143,719;73,1476
144,229;72,8398
144,728;72,5501
145,215;72,2783
145,69;72,0249
146,152;71,7899
146,598;71,5737
147,026;71,3767
147,432;71,1992
147,814;71,0415
148,167;70,9043
148,488;70,7877
148,774;70,6922
149,022;70,6181
149,23;70,5658
149,394;70,5353
149,514;70,5271
149,588;70,5411
149,615;70,5775
149,595;70,6365
149,528;70,718
149,414;70,8221
149,254;70,9486
149,049;71,0974
148,801;71,2683
148,512;71,4609
148,182;71,6751
147,815;71,9102
147,412;72,1661
146,974;72,4422
146,505;72,7381
146,007;73,0536
145,48;73,3884
144,927;73,7422
144,35;74,115
143,75;74,5064
143,129;74,9166
142,488;75,3452
141,83;75,7922
141,155;76,2573
140,464;76,7403
139,76;77,2408
139,043;77,7586
138,313;78,2931
137,572;78,8438
136,821;79,41
136,059;79,9911
135,287;80,5863
134,505;81,1948
133,714;81,8157
132,914;82,4483
132,106;83,0918
131,291;83,7456
130,47;84,4092
129,643;85,0819
128,812;85,7636
127,976;86,4538
127,138;87,1525
126,298;87,8595
125,456;88,5746
124,613;89,298
123,77;90,0294
122,926;90,7689
122,082;91,5164
121,237;92,2717
120,392;93,0346
119,546;93,8048
118,7;94,5819
117,853;95,3655
117,005;96,1551
116,157;96,95
115,308;97,7497
114,459;98,5537
113,61;99,3612
112,761;100,172
111,912;100,985
111,063;101,8
110,213;102,616
109,363;103,434
108,511;104,252
107,659;105,07
106,806;105,889
105,952;106,708
105,099;107,526
104,246;108,345
103,395;109,164
102,547;109,983
101,704;110,802
100,867;111,622
100,038;112,442
99,2161;113,262
98,4039;114,083
97,6019;114,905
96,8107;115,728
96,0308;116,552
95,2624;117,377
94,5058;118,204
93,761;119,032
93,0279;119,863
92,3063;120,696
91,5959;121,531
90,8962;122,37
90,2071;123,211
89,5279;124,055
88,8585;124,902
88,1986;125,75
87,5479;126,6
86,9065;127,45
86,2744;128,298
85,6519;129,145
85,0393;129,987
84,4374;130,825
83,8468;131,657
83,2684;132,481
82,7034;133,297
82,1529;134,104
81,618;134,9
81,1002;135,683
80,6004;136,454
80,1198;137,21
79,6592;137,951
79,2195;138,674
78,8012;139,379
78,4049;140,063
78,0307;140,726
77,6791;141,366
77,35;141,981
77,0436;142,571
76,7597;143,133
76,4983;143,668
76,2591;144,173
76,042;144,648
75,8465;145,093
75,6722;145,506
75,5184;145,887
75,3844;146,235
75,2692;146,55
75,1718;146,832
75,0909;147,08
75,0251;147,294
74,973;147,473
